correct_res,elapsed_task_time,event_type,from_highlighted_to_selected,game_mode,gaze_movement_pr_task,highlighted_cell,index,method,participant,result,target,task_index,timestamp,useLess
,,highlighted_cell,,chase,222.018364342375,"(2, 4)",0,blink,p1_real2,,"(3, 4)",0,2025-05-16 09:28:38.551500,False
,,highlighted_cell,,chase,514.9956463672183,"(3, 4)",1,blink,p1_real2,,"(3, 4)",0,2025-05-16 09:28:38.978335,False
True,1.8224716186523438,TaskCompleted,1.1601154804229736,chase,864.6877002770628,"(3, 4)",2,blink,p1_real2,"(3, 4)","(3, 4)",0,2025-05-16 09:28:40.138451,False
,,highlighted_cell,,chase,1161.609786216106,"(2, 4)",3,blink,p1_real2,,"(3, 5)",1,2025-05-16 09:28:41.345565,False
,,highlighted_cell,,chase,1646.4151624810847,"(3, 4)",4,blink,p1_real2,,"(3, 5)",1,2025-05-16 09:28:41.903545,False
,,highlighted_cell,,chase,2341.5414965686764,"(3, 5)",5,blink,p1_real2,,"(3, 5)",1,2025-05-16 09:28:42.960857,False
True,2.907804012298584,TaskCompleted,1.0891780853271484,chase,3183.01435732646,"(3, 5)",6,blink,p1_real2,"(3, 5)","(3, 5)",1,2025-05-16 09:28:44.050035,False
,,highlighted_cell,,chase,4738.919532631363,"(1, 3)",7,blink,p1_real2,,"(1, 4)",2,2025-05-16 09:28:45.816719,False
,,highlighted_cell,,chase,5048.149061654554,"(1, 4)",8,blink,p1_real2,,"(1, 4)",2,2025-05-16 09:28:46.540882,False
True,2.744718074798584,TaskCompleted,1.2569191455841064,chase,5299.857415768601,"(1, 4)",9,blink,p1_real2,"(1, 4)","(1, 4)",2,2025-05-16 09:28:47.797801,False
,,highlighted_cell,,chase,5533.499360160473,"(1, 3)",10,blink,p1_real2,,"(1, 3)",3,2025-05-16 09:28:49.167685,False
True,1.522437334060669,TaskCompleted,1.15559720993042,chase,5903.663816363287,"(1, 3)",11,blink,p1_real2,"(1, 3)","(1, 3)",3,2025-05-16 09:28:50.323282,False
,,highlighted_cell,,chase,6172.204974096449,"(1, 4)",12,blink,p1_real2,,"(1, 5)",4,2025-05-16 09:28:51.527176,False
,,highlighted_cell,,chase,6582.97802619834,"(1, 5)",13,blink,p1_real2,,"(1, 5)",4,2025-05-16 09:28:51.889682,False
True,1.6396868228912354,TaskCompleted,1.0762245655059814,chase,6893.259332285372,"(1, 5)",14,blink,p1_real2,"(1, 5)","(1, 5)",4,2025-05-16 09:28:52.965906,False
,,highlighted_cell,,chase,7676.4918212325965,"(2, 3)",15,blink,p1_real2,,"(2, 3)",5,2025-05-16 09:28:54.554092,False
True,1.6380045413970947,TaskCompleted,1.0524990558624268,chase,8039.238650156553,"(2, 3)",16,blink,p1_real2,"(2, 3)","(2, 3)",5,2025-05-16 09:28:55.606591,False
,,highlighted_cell,,chase,8505.716278551512,"(1, 4)",17,blink,p1_real2,,"(3, 3)",6,2025-05-16 09:28:56.825826,False
,,highlighted_cell,,chase,9256.15058632479,"(3, 3)",18,blink,p1_real2,,"(3, 3)",6,2025-05-16 09:28:57.257238,False
True,1.5518414974212646,TaskCompleted,0.9038195610046387,chase,9359.801096241912,"(3, 3)",19,blink,p1_real2,"(3, 3)","(3, 3)",6,2025-05-16 09:28:58.161058,False
,,highlighted_cell,,chase,10270.940055255622,"(2, 5)",20,blink,p1_real2,,"(2, 5)",7,2025-05-16 09:28:59.772106,False
True,1.7083122730255127,TaskCompleted,1.099869966506958,chase,10887.896685441596,"(2, 5)",21,blink,p1_real2,"(2, 5)","(2, 5)",7,2025-05-16 09:29:00.871976,False
,,highlighted_cell,,chase,11390.683138422308,"(2, 5)",22,blink,p1_real2,,"(2, 4)",8,2025-05-16 09:29:02.074088,False
,,highlighted_cell,,chase,11573.772823057478,"(2, 4)",23,blink,p1_real2,,"(2, 4)",8,2025-05-16 09:29:02.479620,False
True,1.616830587387085,TaskCompleted,1.0102238655090332,chase,12196.853227327789,"(2, 4)",24,blink,p1_real2,"(2, 4)","(2, 4)",8,2025-05-16 09:29:03.489844,False
,,highlighted_cell,,chase,12287.486042418841,"(2, 4)",25,blink,p1_real2,,"(3, 4)",9,2025-05-16 09:29:04.693350,False
,,highlighted_cell,,chase,12712.130765657166,"(3, 4)",26,blink,p1_real2,,"(3, 4)",9,2025-05-16 09:29:05.069848,False
True,1.745774507522583,TaskCompleted,1.1678235530853271,chase,13259.251345478477,"(3, 4)",27,blink,p1_real2,"(3, 4)","(3, 4)",9,2025-05-16 09:29:06.237672,False
,,highlighted_cell,,chase,13949.558770575995,"(2, 3)",28,blink,p1_real2,,"(3, 5)",10,2025-05-16 09:29:07.441957,False
,,highlighted_cell,,chase,14554.1822414872,"(3, 5)",29,blink,p1_real2,,"(3, 5)",10,2025-05-16 09:29:07.910030,False
True,1.7076725959777832,TaskCompleted,1.0380313396453857,chase,14701.545567263018,"(3, 5)",30,blink,p1_real2,"(3, 5)","(3, 5)",10,2025-05-16 09:29:08.948061,False
,,highlighted_cell,,chase,14836.222043218464,"(3, 5)",31,blink,p1_real2,,"(1, 4)",11,2025-05-16 09:29:10.169219,False
,,highlighted_cell,,chase,15573.599678408596,"(1, 4)",32,blink,p1_real2,,"(1, 4)",11,2025-05-16 09:29:10.517142,False
,,highlighted_cell,,chase,15780.586926846281,"(1, 3)",33,blink,p1_real2,,"(1, 4)",11,2025-05-16 09:29:10.765291,False
False,1.5730736255645752,TaskCompleted,0.7601754665374756,chase,15846.70204358102,"(1, 3)",34,blink,p1_real2,"(1, 3)","(1, 4)",11,2025-05-16 09:29:11.525467,False
,,highlighted_cell,,chase,16136.356967961914,"(1, 4)",35,blink,p1_real2,,"(1, 3)",12,2025-05-16 09:29:12.876832,False
,,highlighted_cell,,chase,17182.047101170163,"(1, 3)",36,blink,p1_real2,,"(1, 3)",12,2025-05-16 09:29:14.253587,False
True,3.1027073860168457,TaskCompleted,1.3781390190124512,chase,17562.855162734733,"(1, 3)",37,blink,p1_real2,"(1, 3)","(1, 3)",12,2025-05-16 09:29:15.631726,False
,,highlighted_cell,,chase,17866.24178541215,"(1, 3)",38,blink,p1_real2,,"(1, 5)",13,2025-05-16 09:29:16.850127,False
,,highlighted_cell,,chase,18488.09982710033,"(1, 5)",39,blink,p1_real2,,"(1, 5)",13,2025-05-16 09:29:17.376810,False
True,1.8051929473876953,TaskCompleted,1.0643072128295898,chase,18973.225170695772,"(1, 5)",40,blink,p1_real2,"(1, 5)","(1, 5)",13,2025-05-16 09:29:18.441117,False
,,highlighted_cell,,chase,19335.924633403672,"(1, 5)",41,blink,p1_real2,,"(2, 3)",14,2025-05-16 09:29:19.645886,False
,,highlighted_cell,,chase,20020.419831584142,"(2, 3)",42,blink,p1_real2,,"(2, 3)",14,2025-05-16 09:29:20.044990,False
,,highlighted_cell,,chase,20355.35599046128,"(2, 3)",43,blink,p1_real2,,"(2, 3)",14,2025-05-16 09:29:20.949827,False
True,2.9112987518310547,TaskCompleted,1.4053573608398438,chase,21456.253704621246,"(2, 3)",44,blink,p1_real2,"(2, 3)","(2, 3)",14,2025-05-16 09:29:22.355184,False
,,highlighted_cell,,chase,21564.036635030396,"(2, 3)",45,blink,p1_real2,,"(3, 3)",15,2025-05-16 09:29:23.570112,False
,,highlighted_cell,,chase,22019.024213139066,"(3, 3)",46,blink,p1_real2,,"(3, 3)",15,2025-05-16 09:29:24.001352,False
True,1.6021981239318848,TaskCompleted,0.9583265781402588,chase,22469.209077326937,"(3, 3)",47,blink,p1_real2,"(3, 3)","(3, 3)",15,2025-05-16 09:29:24.959679,False
,,highlighted_cell,,chase,22722.339548277,"(3, 3)",48,blink,p1_real2,,"(2, 5)",16,2025-05-16 09:29:26.177185,False
,,highlighted_cell,,chase,23285.40537662353,"(2, 5)",49,blink,p1_real2,,"(2, 5)",16,2025-05-16 09:29:26.574921,False
True,1.6266911029815674,TaskCompleted,1.0149335861206055,chase,23431.045069388892,"(2, 5)",50,blink,p1_real2,"(2, 5)","(2, 5)",16,2025-05-16 09:29:27.589854,False
,,highlighted_cell,,chase,23764.970296077845,"(2, 4)",51,blink,p1_real2,,"(2, 4)",17,2025-05-16 09:29:28.807832,False
True,1.3749868869781494,TaskCompleted,1.1587073802947998,chase,24025.412746101574,"(2, 4)",52,blink,p1_real2,"(2, 4)","(2, 4)",17,2025-05-16 09:29:29.966540,False
,,highlighted_cell,,chase,24137.575243865507,"(2, 4)",53,blink,p1_real2,,"(3, 4)",18,2025-05-16 09:29:31.174339,False
,,highlighted_cell,,chase,24522.22008643024,"(3, 4)",54,blink,p1_real2,,"(3, 4)",18,2025-05-16 09:29:31.567359,False
True,1.5782604217529297,TaskCompleted,0.9818222522735596,chase,25163.67797627235,"(3, 4)",55,blink,p1_real2,"(3, 4)","(3, 4)",18,2025-05-16 09:29:32.549182,False
,,highlighted_cell,,chase,25749.88638248632,"(3, 4)",56,blink,p1_real2,,"(3, 5)",19,2025-05-16 09:29:33.752904,False
,,highlighted_cell,,chase,26210.611468170828,"(3, 5)",57,blink,p1_real2,,"(3, 5)",19,2025-05-16 09:29:34.534230,False
True,2.0674352645874023,TaskCompleted,1.0846402645111084,chase,26432.161094205665,"(3, 5)",58,blink,p1_real2,"(3, 5)","(3, 5)",19,2025-05-16 09:29:35.618871,False
,,highlighted_cell,,chase,27269.593230161918,"(1, 4)",59,blink,p1_real2,,"(1, 4)",20,2025-05-16 09:29:37.165910,False
True,1.3554160594940186,TaskCompleted,0.8109302520751953,chase,27402.1256045563,"(1, 4)",60,blink,p1_real2,"(1, 4)","(1, 4)",20,2025-05-16 09:29:37.976840,False
,,highlighted_cell,,chase,27685.44372976091,"(2, 4)",61,blink,p1_real2,,"(1, 3)",21,2025-05-16 09:29:39.183815,False
,,highlighted_cell,,chase,28698.312616448842,"(1, 3)",62,blink,p1_real2,,"(1, 3)",21,2025-05-16 09:29:40.455038,False
True,2.5054118633270264,TaskCompleted,1.0314116477966309,chase,29118.073986449992,"(1, 3)",63,blink,p1_real2,"(1, 3)","(1, 3)",21,2025-05-16 09:29:41.486450,False
,,highlighted_cell,,chase,29604.933119938978,"(2, 4)",64,blink,p1_real2,,"(1, 5)",22,2025-05-16 09:29:42.841089,False
,,highlighted_cell,,chase,30217.811383247783,"(1, 5)",65,blink,p1_real2,,"(1, 5)",22,2025-05-16 09:29:43.271304,False
True,1.7147417068481445,TaskCompleted,0.9319024085998535,chase,30690.4913848674,"(1, 5)",66,blink,p1_real2,"(1, 5)","(1, 5)",22,2025-05-16 09:29:44.203206,False
,,highlighted_cell,,chase,31244.062345345425,"(1, 4)",67,blink,p1_real2,,"(2, 3)",23,2025-05-16 09:29:45.493666,False
,,highlighted_cell,,chase,31857.41247267306,"(2, 3)",68,blink,p1_real2,,"(2, 3)",23,2025-05-16 09:29:45.722051,False
True,1.5096430778503418,TaskCompleted,0.9943273067474365,chase,32049.084707508086,"(2, 3)",69,blink,p1_real2,"(2, 3)","(2, 3)",23,2025-05-16 09:29:46.716379,False
,,highlighted_cell,,chase,32364.541129405286,"(2, 4)",70,blink,p1_real2,,"(3, 3)",24,2025-05-16 09:29:47.919148,False
,,highlighted_cell,,chase,32917.011205421644,"(3, 3)",71,blink,p1_real2,,"(3, 3)",24,2025-05-16 09:29:48.358681,False
True,1.7850213050842285,TaskCompleted,1.144824743270874,chase,33183.017001458575,"(3, 3)",72,blink,p1_real2,"(3, 3)","(3, 3)",24,2025-05-16 09:29:49.503505,False
,,highlighted_cell,,chase,33918.85610629759,"(1, 4)",73,blink,p1_real2,,"(2, 5)",25,2025-05-16 09:29:50.772834,False
,,highlighted_cell,,chase,34345.78759966383,"(2, 5)",74,blink,p1_real2,,"(2, 5)",25,2025-05-16 09:29:51.121130,False
False,1.6088824272155762,TaskCompleted,1.144824743270874,chase,34644.52598007678,"(2, 5)",75,blink,p1_real2,"(3, 5)","(2, 5)",25,2025-05-16 09:29:52.116066,True
,,highlighted_cell,,chase,34819.68496269193,"(3, 5)",76,blink,p1_real2,,"(2, 4)",26,2025-05-16 09:29:53.334553,False
,,highlighted_cell,,chase,35203.044194735405,"(2, 4)",77,blink,p1_real2,,"(2, 4)",26,2025-05-16 09:29:53.798018,False
True,1.535191535949707,TaskCompleted,0.8576645851135254,chase,35319.579356565555,"(2, 4)",78,blink,p1_real2,"(2, 4)","(2, 4)",26,2025-05-16 09:29:54.655682,False
,,highlighted_cell,,chase,35466.40523456527,"(2, 4)",79,blink,p1_real2,,"(3, 4)",27,2025-05-16 09:29:55.861311,False
,,highlighted_cell,,chase,35869.4660212415,"(3, 4)",80,blink,p1_real2,,"(3, 4)",27,2025-05-16 09:29:56.292337,False
True,1.5774993896484375,TaskCompleted,0.9432737827301025,chase,35972.928414701455,"(3, 4)",81,blink,p1_real2,"(3, 4)","(3, 4)",27,2025-05-16 09:29:57.235611,False
,,highlighted_cell,,chase,36268.50955001231,"(3, 4)",82,blink,p1_real2,,"(3, 5)",28,2025-05-16 09:29:58.439772,False
,,highlighted_cell,,chase,36583.90690196082,"(3, 5)",83,blink,p1_real2,,"(3, 5)",28,2025-05-16 09:29:58.856721,False
True,3.5892603397369385,TaskCompleted,2.9714138507843018,chase,36938.271570470366,"(3, 5)",84,blink,p1_real2,"(3, 5)","(3, 5)",28,2025-05-16 09:30:01.828135,False
,,highlighted_cell,,chase,37617.02767894068,"(2, 4)",85,blink,p1_real2,,"(1, 4)",29,2025-05-16 09:30:03.036082,False
,,highlighted_cell,,chase,37916.70270217934,"(1, 4)",86,blink,p1_real2,,"(1, 4)",29,2025-05-16 09:30:03.451342,False
True,1.8065519332885742,TaskCompleted,1.1876513957977295,chase,38222.65358323123,"(1, 4)",87,blink,p1_real2,"(1, 4)","(1, 4)",29,2025-05-16 09:30:04.638994,False
,,highlighted_cell,,chase,38532.184106057386,"(1, 3)",88,blink,p1_real2,,"(1, 3)",30,2025-05-16 09:30:05.963024,False
,,highlighted_cell,,chase,56467.752735837494,"(1, 3)",89,blink,p1_real2,,"(1, 3)",30,2025-05-16 09:30:07.311807,False
True,3.2316946983337402,TaskCompleted,1.5621190071105957,chase,57104.725893085706,"(1, 3)",90,blink,p1_real2,"(1, 3)","(1, 3)",30,2025-05-16 09:30:08.873926,False
,,highlighted_cell,,chase,59518.4317253426,"(1, 4)",91,blink,p1_real2,,"(1, 5)",31,2025-05-16 09:30:10.705437,False
,,highlighted_cell,,chase,61569.79706564283,"(1, 5)",92,blink,p1_real2,,"(1, 5)",31,2025-05-16 09:30:13.865206,False
True,5.39152717590332,TaskCompleted,1.4049456119537354,chase,61937.93789787228,"(1, 5)",93,blink,p1_real2,"(1, 5)","(1, 5)",31,2025-05-16 09:30:15.270152,False
,,highlighted_cell,,chase,62266.3468190774,"(1, 4)",94,blink,p1_real2,,"(2, 3)",32,2025-05-16 09:30:16.488918,False
,,highlighted_cell,,chase,62843.57012229101,"(2, 3)",95,blink,p1_real2,,"(2, 3)",32,2025-05-16 09:30:16.838696,False
True,1.7092666625976562,TaskCompleted,1.1447582244873047,chase,62971.778311055496,"(2, 3)",96,blink,p1_real2,"(2, 3)","(2, 3)",32,2025-05-16 09:30:17.983454,False
,,highlighted_cell,,chase,63296.11017605603,"(2, 4)",97,blink,p1_real2,,"(3, 3)",33,2025-05-16 09:30:19.192262,False
,,highlighted_cell,,chase,63864.78455675078,"(3, 3)",98,blink,p1_real2,,"(3, 3)",33,2025-05-16 09:30:19.671885,False
,,highlighted_cell,,chase,74315.76170780695,"(3, 3)",99,blink,p1_real2,,"(3, 3)",33,2025-05-16 09:30:21.191965,False
,,highlighted_cell,,chase,75956.14372090297,"(2, 3)",100,blink,p1_real2,,"(3, 3)",33,2025-05-16 09:30:21.967892,False
,,highlighted_cell,,chase,76154.20318897032,"(3, 3)",101,blink,p1_real2,,"(3, 3)",33,2025-05-16 09:30:22.451409,False
True,4.7544944286346436,TaskCompleted,1.2896373271942139,chase,76538.95292359866,"(3, 3)",102,blink,p1_real2,"(3, 3)","(3, 3)",33,2025-05-16 09:30:23.741046,False
,,highlighted_cell,,chase,76821.70225354108,"(2, 3)",103,blink,p1_real2,,"(2, 5)",34,2025-05-16 09:30:25.082874,False
,,highlighted_cell,,chase,77399.9887602297,"(2, 5)",104,blink,p1_real2,,"(2, 5)",34,2025-05-16 09:30:25.398435,False
,,highlighted_cell,,chase,82172.21602585189,"(2, 4)",105,blink,p1_real2,,"(2, 5)",34,2025-05-16 09:30:28.108618,False
,,highlighted_cell,,chase,82954.07853335764,"(2, 5)",106,blink,p1_real2,,"(2, 5)",34,2025-05-16 09:30:29.241314,False
True,5.504987716674805,TaskCompleted,1.0084755420684814,chase,83770.5767385885,"(2, 5)",107,blink,p1_real2,"(2, 5)","(2, 5)",34,2025-05-16 09:30:30.249789,False
,,highlighted_cell,,chase,84485.88922599758,"(2, 5)",108,blink,p1_real2,,"(2, 4)",35,2025-05-16 09:30:31.456518,False
,,highlighted_cell,,chase,84871.8262668147,"(2, 4)",109,blink,p1_real2,,"(2, 4)",35,2025-05-16 09:30:31.858693,False
True,1.8522255420684814,TaskCompleted,1.2470276355743408,chase,85088.37384433464,"(2, 4)",110,blink,p1_real2,"(2, 4)","(2, 4)",35,2025-05-16 09:30:33.105721,False
,,highlighted_cell,,memory,3713.003277652072,"(1, 3)",111,blink,p1_real2,,"(1, 3)",36,2025-05-16 09:32:11.632258,False
True,4.533051490783691,TaskCompleted,2.61264705657959,memory,6088.848042830224,"(1, 3)",112,blink,p1_real2,"(1, 3)","(1, 3)",36,2025-05-16 09:32:14.244905,False
,,highlighted_cell,,memory,11168.96657559114,"(1, 3)",113,blink,p1_real2,,"(1, 3)",37,2025-05-16 09:32:16.815776,False
True,2.7455739974975586,TaskCompleted,1.1785948276519775,memory,11649.2999104403,"(1, 3)",114,blink,p1_real2,"(1, 3)","(1, 3)",37,2025-05-16 09:32:17.994370,False
,,highlighted_cell,,memory,11811.422413043418,"(1, 3)",115,blink,p1_real2,,"(3, 4)",38,2025-05-16 09:32:19.212086,False
,,highlighted_cell,,memory,14142.31322650303,"(3, 4)",116,blink,p1_real2,,"(3, 4)",38,2025-05-16 09:32:19.956518,False
,,highlighted_cell,,memory,16134.44887541766,"(3, 4)",117,blink,p1_real2,,"(3, 4)",38,2025-05-16 09:32:20.905238,False
,,highlighted_cell,,memory,16565.265179496095,"(2, 4)",118,blink,p1_real2,,"(3, 4)",38,2025-05-16 09:32:21.240456,False
,,highlighted_cell,,memory,19335.669138001205,"(3, 4)",119,blink,p1_real2,,"(3, 4)",38,2025-05-16 09:32:22.589675,False
True,4.685998439788818,TaskCompleted,1.0944452285766602,memory,20255.631558557223,"(3, 4)",120,blink,p1_real2,"(3, 4)","(3, 4)",38,2025-05-16 09:32:23.684120,False
,,highlighted_cell,,memory,21084.52063251737,"(2, 4)",121,blink,p1_real2,,"(1, 3)",39,2025-05-16 09:32:24.900435,False
,,highlighted_cell,,memory,23439.944504943374,"(3, 5)",122,blink,p1_real2,,"(1, 3)",39,2025-05-16 09:32:25.942260,False
,,highlighted_cell,,memory,24233.65283507236,"(2, 3)",123,blink,p1_real2,,"(1, 3)",39,2025-05-16 09:32:26.294095,False
,,highlighted_cell,,memory,25237.827653164473,"(1, 3)",124,blink,p1_real2,,"(1, 3)",39,2025-05-16 09:32:26.827587,False
,,highlighted_cell,,memory,27854.140514739825,"(1, 3)",125,blink,p1_real2,,"(1, 3)",39,2025-05-16 09:32:27.428161,False
True,3.818971872329712,TaskCompleted,1.079977035522461,memory,28098.78325525495,"(1, 3)",126,blink,p1_real2,"(1, 3)","(1, 3)",39,2025-05-16 09:32:28.508138,False
,,highlighted_cell,,memory,28252.72385158405,"(1, 3)",127,blink,p1_real2,,"(3, 3)",40,2025-05-16 09:32:29.737584,False
,,highlighted_cell,,memory,30729.799708743936,"(1, 3)",128,blink,p1_real2,,"(3, 3)",40,2025-05-16 09:32:30.628047,False
,,highlighted_cell,,memory,33509.99723228083,"(3, 3)",129,blink,p1_real2,,"(3, 3)",40,2025-05-16 09:32:31.557478,False
,,highlighted_cell,,memory,35303.099591632286,"(3, 3)",130,blink,p1_real2,,"(3, 3)",40,2025-05-16 09:32:33.119560,False
True,4.704938173294067,TaskCompleted,1.0965328216552734,memory,35573.59138176671,"(3, 3)",131,blink,p1_real2,"(3, 3)","(3, 3)",40,2025-05-16 09:32:34.216092,False
,,highlighted_cell,,memory,38631.856797534216,"(3, 3)",132,blink,p1_real2,,"(2, 3)",41,2025-05-16 09:32:36.056120,False
,,highlighted_cell,,memory,38927.88916024503,"(2, 3)",133,blink,p1_real2,,"(2, 3)",41,2025-05-16 09:32:36.307301,False
True,2.0728824138641357,TaskCompleted,0.9856472015380859,memory,39102.40646444901,"(2, 3)",134,blink,p1_real2,"(2, 3)","(2, 3)",41,2025-05-16 09:32:37.292948,False
,,highlighted_cell,,memory,41888.72039839574,"(2, 4)",135,blink,p1_real2,,"(1, 4)",42,2025-05-16 09:32:39.095114,False
,,highlighted_cell,,memory,42966.26510610752,"(1, 4)",136,blink,p1_real2,,"(1, 4)",42,2025-05-16 09:32:39.720968,False
,,highlighted_cell,,memory,45087.33025281917,"(1, 4)",137,blink,p1_real2,,"(1, 4)",42,2025-05-16 09:32:40.372676,False
False,3.347698211669922,TaskCompleted,0.9856472015380859,memory,45404.128784490684,"(1, 4)",138,blink,p1_real2,"(2, 4)","(1, 4)",42,2025-05-16 09:32:41.644137,True
,,highlighted_cell,,memory,45631.95478051337,"(1, 4)",139,blink,p1_real2,,"(2, 3)",43,2025-05-16 09:32:42.865487,False
,,highlighted_cell,,memory,47883.117956858245,"(2, 4)",140,blink,p1_real2,,"(2, 3)",43,2025-05-16 09:32:43.875024,False
,,highlighted_cell,,memory,48332.84346307416,"(2, 3)",141,blink,p1_real2,,"(2, 3)",43,2025-05-16 09:32:44.141990,False
,,highlighted_cell,,memory,48747.08078901309,"(2, 4)",142,blink,p1_real2,,"(2, 3)",43,2025-05-16 09:32:44.375998,False
,,highlighted_cell,,memory,49130.38888982208,"(2, 3)",143,blink,p1_real2,,"(2, 3)",43,2025-05-16 09:32:44.644004,False
,,highlighted_cell,,memory,49881.80085300893,"(1, 5)",144,blink,p1_real2,,"(2, 3)",43,2025-05-16 09:32:45.012081,False
,,highlighted_cell,,memory,52054.47731567254,"(2, 3)",145,blink,p1_real2,,"(2, 3)",43,2025-05-16 09:32:45.643005,False
True,4.069236516952515,TaskCompleted,1.0753247737884521,memory,52296.526840485545,"(2, 3)",146,blink,p1_real2,"(2, 3)","(2, 3)",43,2025-05-16 09:32:46.718330,False
,,highlighted_cell,,memory,52794.48403807723,"(3, 4)",147,blink,p1_real2,,"(1, 4)",44,2025-05-16 09:32:47.986678,False
,,highlighted_cell,,memory,55874.74548239643,"(1, 4)",148,blink,p1_real2,,"(1, 4)",44,2025-05-16 09:32:49.029777,False
True,2.3747823238372803,TaskCompleted,1.0683465003967285,memory,56143.56093003394,"(1, 4)",149,blink,p1_real2,"(1, 4)","(1, 4)",44,2025-05-16 09:32:50.097123,False
,,highlighted_cell,,memory,56340.31676935222,"(1, 4)",150,blink,p1_real2,,"(1, 3)",45,2025-05-16 09:32:51.326772,False
,,highlighted_cell,,memory,59382.74058637172,"(2, 3)",151,blink,p1_real2,,"(1, 3)",45,2025-05-16 09:32:52.622537,False
,,highlighted_cell,,memory,59503.44145244993,"(1, 3)",152,blink,p1_real2,,"(1, 3)",45,2025-05-16 09:32:52.902907,False
True,2.777388095855713,TaskCompleted,0.976660966873169,memory,59760.59730863081,"(1, 3)",153,blink,p1_real2,"(1, 3)","(1, 3)",45,2025-05-16 09:32:53.879568,False
,,highlighted_cell,,memory,62834.35579546798,"(1, 4)",154,blink,p1_real2,,"(1, 4)",46,2025-05-16 09:32:56.151738,False
,,highlighted_cell,,memory,64922.344143455164,"(1, 4)",155,blink,p1_real2,,"(1, 4)",46,2025-05-16 09:32:56.734816,False
True,3.1775436401367188,TaskCompleted,1.325838327407837,memory,65569.78239884971,"(1, 4)",156,blink,p1_real2,"(1, 4)","(1, 4)",46,2025-05-16 09:32:58.060654,False
,,highlighted_cell,,memory,65901.836011786,"(1, 4)",157,blink,p1_real2,,"(1, 3)",47,2025-05-16 09:32:59.279085,False
,,highlighted_cell,,memory,68585.54469298958,"(1, 3)",158,blink,p1_real2,,"(1, 3)",47,2025-05-16 09:33:00.247834,False
,,highlighted_cell,,memory,71736.76763740285,"(3, 3)",159,blink,p1_real2,,"(1, 3)",47,2025-05-16 09:33:01.327021,False
,,highlighted_cell,,memory,72430.55353274681,"(1, 3)",160,blink,p1_real2,,"(1, 3)",47,2025-05-16 09:33:01.795518,False
,,highlighted_cell,,memory,75512.57085860202,"(1, 3)",161,blink,p1_real2,,"(1, 3)",47,2025-05-16 09:33:03.499996,False
True,5.503947496414185,TaskCompleted,1.0691893100738525,memory,75887.09415278814,"(1, 3)",162,blink,p1_real2,"(1, 3)","(1, 3)",47,2025-05-16 09:33:04.569185,False
,,highlighted_cell,,memory,76068.9897940631,"(1, 3)",163,blink,p1_real2,,"(2, 5)",48,2025-05-16 09:33:05.801573,False
,,highlighted_cell,,memory,78551.23780129163,"(2, 5)",164,blink,p1_real2,,"(2, 5)",48,2025-05-16 09:33:06.893126,False
True,2.422550678253174,TaskCompleted,1.104003667831421,memory,78841.96870366446,"(2, 5)",165,blink,p1_real2,"(2, 5)","(2, 5)",48,2025-05-16 09:33:07.997130,False
,,highlighted_cell,,memory,79096.30930208463,"(2, 5)",166,blink,p1_real2,,"(1, 5)",49,2025-05-16 09:33:09.211118,False
,,highlighted_cell,,memory,80891.52541157165,"(2, 5)",167,blink,p1_real2,,"(1, 5)",49,2025-05-16 09:33:09.897615,False
,,highlighted_cell,,memory,82709.1095739711,"(1, 5)",168,blink,p1_real2,,"(1, 5)",49,2025-05-16 09:33:10.863586,False
True,2.8804941177368164,TaskCompleted,1.0172450542449951,memory,82893.59252542375,"(1, 5)",169,blink,p1_real2,"(1, 5)","(1, 5)",49,2025-05-16 09:33:11.880831,False
,,highlighted_cell,,memory,85731.95236678452,"(3, 3)",170,blink,p1_real2,,"(3, 3)",50,2025-05-16 09:33:14.349299,False
True,2.738884449005127,TaskCompleted,1.273984670639038,memory,86022.09475659295,"(3, 3)",171,blink,p1_real2,"(3, 3)","(3, 3)",50,2025-05-16 09:33:15.623284,False
,,highlighted_cell,,memory,88750.98572241946,"(2, 4)",172,blink,p1_real2,,"(2, 4)",51,2025-05-16 09:33:17.852591,False
,,highlighted_cell,,memory,90509.72906824447,"(2, 4)",173,blink,p1_real2,,"(2, 4)",51,2025-05-16 09:33:18.508605,False
True,2.9604649543762207,TaskCompleted,1.079578161239624,memory,90756.4920692025,"(2, 4)",174,blink,p1_real2,"(2, 4)","(2, 4)",51,2025-05-16 09:33:19.588183,False
,,highlighted_cell,,memory,90900.3264751297,"(2, 4)",175,blink,p1_real2,,"(2, 5)",52,2025-05-16 09:33:20.813727,False
,,highlighted_cell,,memory,92734.2517081471,"(2, 5)",176,blink,p1_real2,,"(2, 5)",52,2025-05-16 09:33:21.607528,False
,,highlighted_cell,,memory,94242.31975608773,"(2, 5)",177,blink,p1_real2,,"(2, 5)",52,2025-05-16 09:33:23.106403,False
True,3.7422661781311035,TaskCompleted,1.228952407836914,memory,95000.35021638611,"(2, 5)",178,blink,p1_real2,"(2, 5)","(2, 5)",52,2025-05-16 09:33:24.335355,False
,,highlighted_cell,,memory,97497.81011560296,"(2, 3)",179,blink,p1_real2,,"(2, 3)",53,2025-05-16 09:33:26.486801,False
True,2.356489896774292,TaskCompleted,1.2108733654022217,memory,98790.80062441487,"(2, 3)",180,blink,p1_real2,"(2, 3)","(2, 3)",53,2025-05-16 09:33:27.697675,False
,,highlighted_cell,,memory,99705.57718108172,"(2, 3)",181,blink,p1_real2,,"(3, 4)",54,2025-05-16 09:33:28.917700,False
,,highlighted_cell,,memory,102677.60559815694,"(3, 3)",182,blink,p1_real2,,"(3, 4)",54,2025-05-16 09:33:30.179807,False
,,highlighted_cell,,memory,104309.92956906547,"(3, 4)",183,blink,p1_real2,,"(3, 4)",54,2025-05-16 09:33:31.180199,False
True,3.6152031421661377,TaskCompleted,1.1364471912384033,memory,104652.4050764123,"(3, 4)",184,blink,p1_real2,"(3, 4)","(3, 4)",54,2025-05-16 09:33:32.316646,False
,,highlighted_cell,,memory,107156.84188128961,"(1, 5)",185,blink,p1_real2,,"(1, 5)",55,2025-05-16 09:33:34.503751,False
True,2.179065465927124,TaskCompleted,0.9976112842559814,memory,107478.2434521457,"(1, 5)",186,blink,p1_real2,"(1, 5)","(1, 5)",55,2025-05-16 09:33:35.501362,False
,,highlighted_cell,,memory,107684.60736189013,"(1, 5)",187,blink,p1_real2,,"(3, 3)",56,2025-05-16 09:33:36.729132,False
,,highlighted_cell,,memory,109969.49659712124,"(3, 3)",188,blink,p1_real2,,"(3, 3)",56,2025-05-16 09:33:37.728109,False
,,highlighted_cell,,memory,111963.79283517558,"(2, 4)",189,blink,p1_real2,,"(3, 3)",56,2025-05-16 09:33:38.935383,False
,,highlighted_cell,,memory,112773.59991798231,"(3, 3)",190,blink,p1_real2,,"(3, 3)",56,2025-05-16 09:33:39.170991,False
True,3.617973804473877,TaskCompleted,0.9545607566833496,memory,113002.53469895771,"(3, 3)",191,blink,p1_real2,"(3, 3)","(3, 3)",56,2025-05-16 09:33:40.125552,False
,,highlighted_cell,,memory,115010.17001944939,"(2, 5)",192,blink,p1_real2,,"(3, 5)",57,2025-05-16 09:33:41.963339,False
,,highlighted_cell,,memory,115359.02128241719,"(3, 5)",193,blink,p1_real2,,"(3, 5)",57,2025-05-16 09:33:42.208752,False
True,2.2229690551757812,TaskCompleted,1.144381046295166,memory,115654.8981895961,"(3, 5)",194,blink,p1_real2,"(3, 5)","(3, 5)",57,2025-05-16 09:33:43.353133,False
,,highlighted_cell,,memory,115796.57844241461,"(3, 5)",195,blink,p1_real2,,"(3, 5)",58,2025-05-16 09:33:44.578883,False
,,highlighted_cell,,memory,117604.51014150359,"(3, 5)",196,blink,p1_real2,,"(3, 5)",58,2025-05-16 09:33:45.292281,False
True,2.212611675262451,TaskCompleted,1.277881383895874,memory,118416.8258170722,"(3, 5)",197,blink,p1_real2,"(3, 5)","(3, 5)",58,2025-05-16 09:33:46.570163,False
,,highlighted_cell,,memory,121842.95706328108,"(3, 3)",198,blink,p1_real2,,"(3, 3)",59,2025-05-16 09:33:49.313266,False
True,2.879014492034912,TaskCompleted,1.1394386291503906,memory,122033.57089737442,"(3, 3)",199,blink,p1_real2,"(3, 3)","(3, 3)",59,2025-05-16 09:33:50.452705,False
,,highlighted_cell,,memory,124600.74509071658,"(1, 5)",200,blink,p1_real2,,"(3, 4)",60,2025-05-16 09:33:52.441393,False
,,highlighted_cell,,memory,125359.52655482652,"(3, 4)",201,blink,p1_real2,,"(3, 4)",60,2025-05-16 09:33:52.773859,False
True,2.331911563873291,TaskCompleted,1.0158770084381104,memory,125881.34418046105,"(3, 4)",202,blink,p1_real2,"(3, 4)","(3, 4)",60,2025-05-16 09:33:53.789736,False
,,highlighted_cell,,memory,126181.65558002114,"(3, 4)",203,blink,p1_real2,,"(2, 3)",61,2025-05-16 09:33:55.008854,False
,,highlighted_cell,,memory,128169.71317547793,"(2, 5)",204,blink,p1_real2,,"(2, 3)",61,2025-05-16 09:33:55.770872,False
,,highlighted_cell,,memory,130454.03901926275,"(1, 4)",205,blink,p1_real2,,"(2, 3)",61,2025-05-16 09:33:56.652966,False
,,highlighted_cell,,memory,131204.3116680951,"(3, 4)",206,blink,p1_real2,,"(2, 3)",61,2025-05-16 09:33:57.084554,False
False,3.2939679622650146,TaskCompleted,1.0030550956726074,memory,131447.33396178842,"(3, 4)",207,blink,p1_real2,"(3, 4)","(2, 3)",61,2025-05-16 09:33:58.087610,False
,,highlighted_cell,,memory,133475.6376145658,"(3, 5)",208,blink,p1_real2,,"(1, 3)",62,2025-05-16 09:33:59.989245,False
,,highlighted_cell,,memory,134205.8685323629,"(1, 4)",209,blink,p1_real2,,"(1, 3)",62,2025-05-16 09:34:00.337848,False
,,highlighted_cell,,memory,134559.06439545302,"(1, 3)",210,blink,p1_real2,,"(1, 3)",62,2025-05-16 09:34:00.639941,False
True,3.2817656993865967,TaskCompleted,1.7355775833129883,memory,137518.498797683,"(1, 3)",211,blink,p1_real2,"(1, 3)","(1, 3)",62,2025-05-16 09:34:02.375519,False
,,highlighted_cell,,memory,137899.78066790508,"(1, 3)",212,blink,p1_real2,,"(2, 3)",63,2025-05-16 09:34:03.607208,False
,,highlighted_cell,,memory,140317.08824418392,"(2, 4)",213,blink,p1_real2,,"(2, 3)",63,2025-05-16 09:34:04.482581,False
,,highlighted_cell,,memory,140616.6189676774,"(2, 3)",214,blink,p1_real2,,"(2, 3)",63,2025-05-16 09:34:04.731019,False
True,2.355752468109131,TaskCompleted,1.0045890808105469,memory,140813.78193626288,"(2, 3)",215,blink,p1_real2,"(2, 3)","(2, 3)",63,2025-05-16 09:34:05.735608,False
,,highlighted_cell,,memory,143815.08585345667,"(3, 3)",216,blink,p1_real2,,"(3, 3)",64,2025-05-16 09:34:07.978798,False
True,2.2099618911743164,TaskCompleted,0.9713068008422852,memory,144084.81894210554,"(3, 3)",217,blink,p1_real2,"(3, 3)","(3, 3)",64,2025-05-16 09:34:08.950104,False
,,highlighted_cell,,memory,146895.36527952267,"(3, 4)",218,blink,p1_real2,,"(3, 4)",65,2025-05-16 09:34:11.230202,False
True,2.3032097816467285,TaskCompleted,1.0295507907867432,memory,147106.5375597772,"(3, 4)",219,blink,p1_real2,"(3, 4)","(3, 4)",65,2025-05-16 09:34:12.259753,False
,,highlighted_cell,,memory,147246.87696149742,"(3, 4)",220,blink,p1_real2,,"(3, 4)",66,2025-05-16 09:34:13.482713,False
,,highlighted_cell,,memory,150187.5137724593,"(3, 4)",221,blink,p1_real2,,"(3, 4)",66,2025-05-16 09:34:14.675928,False
,,highlighted_cell,,memory,152716.89388859167,"(3, 4)",222,blink,p1_real2,,"(3, 4)",66,2025-05-16 09:34:15.418174,False
True,3.2454187870025635,TaskCompleted,1.09236478805542,memory,152964.51578665868,"(3, 4)",223,blink,p1_real2,"(3, 4)","(3, 4)",66,2025-05-16 09:34:16.510539,False
,,highlighted_cell,,memory,155781.42142968485,"(1, 4)",224,blink,p1_real2,,"(1, 4)",67,2025-05-16 09:34:18.669946,False
True,2.2457780838012695,TaskCompleted,1.0915460586547852,memory,157613.792421834,"(1, 4)",225,blink,p1_real2,"(1, 4)","(1, 4)",67,2025-05-16 09:34:19.761492,False
,,highlighted_cell,,memory,159219.38553307412,"(2, 3)",226,blink,p1_real2,,"(2, 3)",68,2025-05-16 09:34:21.758511,False
True,1.9143497943878174,TaskCompleted,0.9224474430084229,memory,159493.7766193574,"(2, 3)",227,blink,p1_real2,"(2, 3)","(2, 3)",68,2025-05-16 09:34:22.680959,False
,,highlighted_cell,,memory,161912.5919727749,"(2, 4)",228,blink,p1_real2,,"(3, 4)",69,2025-05-16 09:34:24.530155,False
,,highlighted_cell,,memory,162127.9402945296,"(3, 4)",229,blink,p1_real2,,"(3, 4)",69,2025-05-16 09:34:24.794793,False
True,2.0216338634490967,TaskCompleted,0.9117817878723145,memory,162360.15208513764,"(3, 4)",230,blink,p1_real2,"(3, 4)","(3, 4)",69,2025-05-16 09:34:25.706575,False
,,highlighted_cell,,memory,164689.7611142509,"(3, 5)",231,blink,p1_real2,,"(3, 4)",70,2025-05-16 09:34:27.679097,False
,,highlighted_cell,,memory,164933.75845117512,"(3, 4)",232,blink,p1_real2,,"(3, 4)",70,2025-05-16 09:34:27.911364,False
True,2.0342657566070557,TaskCompleted,0.8356108665466309,memory,165060.34530901365,"(3, 4)",233,blink,p1_real2,"(3, 4)","(3, 4)",70,2025-05-16 09:34:28.746974,False
,,highlighted_cell,,memory,167010.32770878685,"(2, 4)",234,blink,p1_real2,,"(1, 5)",71,2025-05-16 09:34:30.769346,False
False,1.8149869441986084,TaskCompleted,0.7971880435943604,memory,167196.55780803718,"(2, 4)",235,blink,p1_real2,"(2, 4)","(1, 5)",71,2025-05-16 09:34:31.566534,False
,,highlighted_cell,,chase,1495.5312943722067,"(3, 4)",236,hotcorner,p1_real2,,"(3, 4)",72,2025-05-16 09:36:32.150994,False
True,1.395704746246338,TaskCompleted,0.8303048610687256,chase,3050.63616262879,"(3, 4)",237,hotcorner,p1_real2,"(3, 4)","(3, 4)",72,2025-05-16 09:36:32.981299,False
,,highlighted_cell,,chase,4577.007886269889,"(3, 5)",238,hotcorner,p1_real2,,"(3, 5)",73,2025-05-16 09:36:34.728162,False
True,1.309128761291504,TaskCompleted,0.5689549446105957,chase,5644.690871667931,"(3, 5)",239,hotcorner,p1_real2,"(3, 5)","(3, 5)",73,2025-05-16 09:36:35.297117,False
,,highlighted_cell,,chase,6814.536433379098,"(1, 4)",240,hotcorner,p1_real2,,"(1, 4)",74,2025-05-16 09:36:36.964823,False
True,1.1618750095367432,TaskCompleted,0.49893665313720703,chase,7724.825051350353,"(1, 4)",241,hotcorner,p1_real2,"(1, 4)","(1, 4)",74,2025-05-16 09:36:37.463760,False
,,highlighted_cell,,chase,9389.780927648937,"(1, 3)",242,hotcorner,p1_real2,,"(1, 3)",75,2025-05-16 09:36:39.230423,False
True,1.1770033836364746,TaskCompleted,0.4148075580596924,chase,10500.95126194871,"(1, 3)",243,hotcorner,p1_real2,"(1, 3)","(1, 3)",75,2025-05-16 09:36:39.645231,False
,,highlighted_cell,,chase,11811.92747083551,"(1, 5)",244,hotcorner,p1_real2,,"(1, 5)",76,2025-05-16 09:36:41.598096,False
,,highlighted_cell,,chase,11895.182083864278,"(1, 4)",245,hotcorner,p1_real2,,"(1, 5)",76,2025-05-16 09:36:41.824223,False
False,1.3695435523986816,TaskCompleted,0.19627761840820312,chase,12439.813486791507,"(1, 4)",246,hotcorner,p1_real2,"(1, 4)","(1, 5)",76,2025-05-16 09:36:42.020500,True
,,highlighted_cell,,chase,13190.920673218603,"(1, 4)",247,hotcorner,p1_real2,,"(2, 3)",77,2025-05-16 09:36:43.378200,False
,,highlighted_cell,,chase,13737.08105446351,"(2, 3)",248,hotcorner,p1_real2,,"(2, 3)",77,2025-05-16 09:36:43.623731,False
True,1.1787500381469727,TaskCompleted,0.5807597637176514,chase,14879.106963404467,"(2, 3)",249,hotcorner,p1_real2,"(2, 3)","(2, 3)",77,2025-05-16 09:36:44.204491,False
,,highlighted_cell,,chase,16615.619073472593,"(3, 3)",250,hotcorner,p1_real2,,"(3, 3)",78,2025-05-16 09:36:45.823496,False
,,highlighted_cell,,chase,16749.690628393408,"(3, 3)",251,hotcorner,p1_real2,,"(3, 3)",78,2025-05-16 09:36:46.307295,False
,,highlighted_cell,,chase,19946.527977251455,"(3, 3)",252,hotcorner,p1_real2,,"(3, 3)",78,2025-05-16 09:36:48.218573,False
True,3.60862135887146,TaskCompleted,0.6011037826538086,chase,21540.914200908792,"(3, 3)",253,hotcorner,p1_real2,"(3, 3)","(3, 3)",78,2025-05-16 09:36:48.819677,False
,,highlighted_cell,,chase,22669.595205474205,"(2, 5)",254,hotcorner,p1_real2,,"(2, 5)",79,2025-05-16 09:36:50.483287,False
True,1.1556096076965332,TaskCompleted,0.4972679615020752,chase,23600.448821652964,"(2, 5)",255,hotcorner,p1_real2,"(2, 5)","(2, 5)",79,2025-05-16 09:36:50.980555,False
,,highlighted_cell,,chase,24833.268250435616,"(2, 4)",256,hotcorner,p1_real2,,"(2, 4)",80,2025-05-16 09:36:52.622454,False
True,1.0639493465423584,TaskCompleted,0.42704010009765625,chase,25842.5985671099,"(2, 4)",257,hotcorner,p1_real2,"(2, 4)","(2, 4)",80,2025-05-16 09:36:53.049494,False
,,highlighted_cell,,chase,27301.931302715173,"(3, 4)",258,hotcorner,p1_real2,,"(3, 4)",81,2025-05-16 09:36:54.750009,False
True,1.1855802536010742,TaskCompleted,0.5002236366271973,chase,28549.853938618624,"(3, 4)",259,hotcorner,p1_real2,"(3, 4)","(3, 4)",81,2025-05-16 09:36:55.250232,False
,,highlighted_cell,,chase,29755.542306986874,"(3, 5)",260,hotcorner,p1_real2,,"(3, 5)",82,2025-05-16 09:36:56.974385,False
True,1.38600754737854,TaskCompleted,0.6669983863830566,chase,31071.411050020477,"(3, 5)",261,hotcorner,p1_real2,"(3, 5)","(3, 5)",82,2025-05-16 09:36:57.641384,False
,,highlighted_cell,,chase,32273.809495043926,"(1, 4)",262,hotcorner,p1_real2,,"(1, 4)",83,2025-05-16 09:36:59.236574,False
True,1.0677337646484375,TaskCompleted,0.4787142276763916,chase,33117.9954793217,"(1, 4)",263,hotcorner,p1_real2,"(1, 4)","(1, 4)",83,2025-05-16 09:36:59.715288,False
,,highlighted_cell,,chase,34392.89915485801,"(1, 3)",264,hotcorner,p1_real2,,"(1, 3)",84,2025-05-16 09:37:01.308943,False
True,1.1336205005645752,TaskCompleted,0.546156644821167,chase,35467.736237681565,"(1, 3)",265,hotcorner,p1_real2,"(1, 3)","(1, 3)",84,2025-05-16 09:37:01.855100,False
,,highlighted_cell,,chase,36386.23817100381,"(1, 5)",266,hotcorner,p1_real2,,"(1, 5)",85,2025-05-16 09:37:03.693994,False
True,1.5124781131744385,TaskCompleted,0.6794490814208984,chase,37210.271972116614,"(1, 5)",267,hotcorner,p1_real2,"(1, 5)","(1, 5)",85,2025-05-16 09:37:04.373443,False
,,highlighted_cell,,chase,38751.09809238493,"(2, 3)",268,hotcorner,p1_real2,,"(2, 3)",86,2025-05-16 09:37:05.997449,False
,,highlighted_cell,,chase,43397.97200919801,"(3, 3)",269,hotcorner,p1_real2,,"(2, 3)",86,2025-05-16 09:37:10.863803,False
,,highlighted_cell,,chase,43628.29699106481,"(2, 3)",270,hotcorner,p1_real2,,"(2, 3)",86,2025-05-16 09:37:11.563541,False
,,highlighted_cell,,chase,48806.65806938713,"(3, 3)",271,hotcorner,p1_real2,,"(2, 3)",86,2025-05-16 09:37:17.422075,False
,,highlighted_cell,,chase,49093.30337251415,"(2, 3)",272,hotcorner,p1_real2,,"(2, 3)",86,2025-05-16 09:37:18.200584,False
,,highlighted_cell,,chase,52871.12633387586,"(3, 3)",273,hotcorner,p1_real2,,"(2, 3)",86,2025-05-16 09:37:21.594214,False
,,highlighted_cell,,chase,53174.48236831787,"(2, 3)",274,hotcorner,p1_real2,,"(2, 3)",86,2025-05-16 09:37:22.400014,False
,,highlighted_cell,,chase,57093.100291482806,"(2, 3)",275,hotcorner,p1_real2,,"(2, 3)",86,2025-05-16 09:37:26.496371,False
,,highlighted_cell,,chase,57240.66792479527,"(3, 3)",276,hotcorner,p1_real2,,"(2, 3)",86,2025-05-16 09:37:26.746858,False
,,highlighted_cell,,chase,60062.07639999786,"(2, 3)",277,hotcorner,p1_real2,,"(2, 3)",86,2025-05-16 09:37:28.203927,False
,,highlighted_cell,,chase,64991.44026957874,"(3, 3)",278,hotcorner,p1_real2,,"(2, 3)",86,2025-05-16 09:37:32.792803,False
,,highlighted_cell,,chase,65147.2969369526,"(2, 3)",279,hotcorner,p1_real2,,"(2, 3)",86,2025-05-16 09:37:33.261182,False
,,highlighted_cell,,chase,68297.34490157019,"(2, 3)",280,hotcorner,p1_real2,,"(2, 3)",86,2025-05-16 09:37:35.275534,False
,,highlighted_cell,,chase,74477.90264977716,"(3, 3)",281,hotcorner,p1_real2,,"(2, 3)",86,2025-05-16 09:37:41.321629,False
,,highlighted_cell,,chase,74818.36798722959,"(2, 3)",282,hotcorner,p1_real2,,"(2, 3)",86,2025-05-16 09:37:42.069948,False
True,37.45252060890198,TaskCompleted,0.7603979110717773,chase,76326.26213581175,"(2, 3)",283,hotcorner,p1_real2,"(2, 3)","(2, 3)",86,2025-05-16 09:37:42.830346,False
,,highlighted_cell,,chase,78193.16765573104,"(3, 3)",284,hotcorner,p1_real2,,"(3, 3)",87,2025-05-16 09:37:45.137512,False
,,highlighted_cell,,chase,82471.71376338122,"(3, 3)",285,hotcorner,p1_real2,,"(3, 3)",87,2025-05-16 09:37:48.990840,False
,,highlighted_cell,,chase,87316.59657254335,"(3, 3)",286,hotcorner,p1_real2,,"(3, 3)",87,2025-05-16 09:37:53.487736,False
True,10.133630752563477,TaskCompleted,0.48174309730529785,chase,88640.51139007905,"(3, 3)",287,hotcorner,p1_real2,"(3, 3)","(3, 3)",87,2025-05-16 09:37:53.969480,False
,,highlighted_cell,,chase,89970.80621992097,"(3, 5)",288,hotcorner,p1_real2,,"(2, 5)",88,2025-05-16 09:37:55.697546,False
,,highlighted_cell,,chase,90084.66955160159,"(2, 5)",289,hotcorner,p1_real2,,"(2, 5)",88,2025-05-16 09:37:55.927402,False
,,highlighted_cell,,chase,93108.45473548357,"(3, 5)",290,hotcorner,p1_real2,,"(2, 5)",88,2025-05-16 09:37:59.357111,False
,,highlighted_cell,,chase,94230.94023728158,"(3, 4)",291,hotcorner,p1_real2,,"(2, 5)",88,2025-05-16 09:38:01.698513,False
,,highlighted_cell,,chase,94520.05570225109,"(3, 5)",292,hotcorner,p1_real2,,"(2, 5)",88,2025-05-16 09:38:02.367081,False
,,highlighted_cell,,chase,96078.95860001005,"(2, 5)",293,hotcorner,p1_real2,,"(2, 5)",88,2025-05-16 09:38:03.229181,False
,,highlighted_cell,,chase,100261.67691157758,"(3, 5)",294,hotcorner,p1_real2,,"(2, 5)",88,2025-05-16 09:38:09.893954,False
,,highlighted_cell,,chase,100994.62589625761,"(2, 5)",295,hotcorner,p1_real2,,"(2, 5)",88,2025-05-16 09:38:11.364556,False
True,17.630451202392578,TaskCompleted,1.2410519123077393,chase,102203.73452741913,"(2, 5)",296,hotcorner,p1_real2,"(2, 5)","(2, 5)",88,2025-05-16 09:38:12.605608,False
,,highlighted_cell,,chase,104721.8604307787,"(2, 4)",297,hotcorner,p1_real2,,"(2, 4)",89,2025-05-16 09:38:14.541198,False
,,highlighted_cell,,chase,107932.2196088239,"(2, 4)",298,hotcorner,p1_real2,,"(2, 4)",89,2025-05-16 09:38:17.798940,False
True,4.881000757217407,TaskCompleted,0.6934599876403809,chase,109055.13358165721,"(2, 4)",299,hotcorner,p1_real2,"(2, 4)","(2, 4)",89,2025-05-16 09:38:18.492400,False
,,highlighted_cell,,chase,110809.02880114366,"(3, 4)",300,hotcorner,p1_real2,,"(3, 4)",90,2025-05-16 09:38:20.381589,False
True,1.4774410724639893,TaskCompleted,0.5953702926635742,chase,112213.25081042855,"(3, 4)",301,hotcorner,p1_real2,"(3, 4)","(3, 4)",90,2025-05-16 09:38:20.976959,False
,,highlighted_cell,,chase,113520.36578620251,"(3, 4)",302,hotcorner,p1_real2,,"(3, 5)",91,2025-05-16 09:38:22.600110,False
,,highlighted_cell,,chase,113785.07359815584,"(3, 5)",303,hotcorner,p1_real2,,"(3, 5)",91,2025-05-16 09:38:23.344895,False
,,highlighted_cell,,chase,116426.04473074547,"(2, 5)",304,hotcorner,p1_real2,,"(3, 5)",91,2025-05-16 09:38:25.427732,False
,,highlighted_cell,,chase,116988.7635447152,"(3, 4)",305,hotcorner,p1_real2,,"(3, 5)",91,2025-05-16 09:38:26.185726,False
,,highlighted_cell,,chase,117202.36074901206,"(3, 5)",306,hotcorner,p1_real2,,"(3, 5)",91,2025-05-16 09:38:26.633979,False
,,highlighted_cell,,chase,117309.82640218313,"(3, 4)",307,hotcorner,p1_real2,,"(3, 5)",91,2025-05-16 09:38:26.963017,False
False,5.323596239089966,TaskCompleted,0.34255385398864746,chase,118367.00106214249,"(3, 4)",308,hotcorner,p1_real2,"(3, 4)","(3, 5)",91,2025-05-16 09:38:27.305571,False
,,highlighted_cell,,chase,119773.156361787,"(1, 4)",309,hotcorner,p1_real2,,"(1, 4)",92,2025-05-16 09:38:28.954662,False
True,1.1485521793365479,TaskCompleted,0.5053243637084961,chase,120644.78589250408,"(1, 4)",310,hotcorner,p1_real2,"(1, 4)","(1, 4)",92,2025-05-16 09:38:29.459986,False
,,highlighted_cell,,chase,122065.24153613034,"(1, 3)",311,hotcorner,p1_real2,,"(1, 3)",93,2025-05-16 09:38:31.085772,False
True,1.1333260536193848,TaskCompleted,0.5143566131591797,chase,123178.40642217892,"(1, 3)",312,hotcorner,p1_real2,"(1, 3)","(1, 3)",93,2025-05-16 09:38:31.600129,False
,,highlighted_cell,,chase,124149.91584867283,"(1, 5)",313,hotcorner,p1_real2,,"(1, 5)",94,2025-05-16 09:38:33.171856,False
True,1.1440150737762451,TaskCompleted,0.5782215595245361,chase,124926.80557595531,"(1, 5)",314,hotcorner,p1_real2,"(1, 5)","(1, 5)",94,2025-05-16 09:38:33.750078,False
,,highlighted_cell,,chase,126498.08321436301,"(2, 3)",315,hotcorner,p1_real2,,"(2, 3)",95,2025-05-16 09:38:35.354476,False
True,1.0786709785461426,TaskCompleted,0.480571985244751,chase,127676.32653057518,"(2, 3)",316,hotcorner,p1_real2,"(2, 3)","(2, 3)",95,2025-05-16 09:38:35.835048,False
,,highlighted_cell,,chase,129178.50617299859,"(3, 3)",317,hotcorner,p1_real2,,"(3, 3)",96,2025-05-16 09:38:37.494075,False
True,1.0946874618530273,TaskCompleted,0.4434375762939453,chase,130613.71984691317,"(3, 3)",318,hotcorner,p1_real2,"(3, 3)","(3, 3)",96,2025-05-16 09:38:37.937513,False
,,highlighted_cell,,chase,131976.19220786096,"(2, 5)",319,hotcorner,p1_real2,,"(2, 5)",97,2025-05-16 09:38:39.710422,False
True,1.2493047714233398,TaskCompleted,0.48392176628112793,chase,132841.52453216488,"(2, 5)",320,hotcorner,p1_real2,"(2, 5)","(2, 5)",97,2025-05-16 09:38:40.194344,False
,,highlighted_cell,,chase,133649.7925435245,"(2, 5)",321,hotcorner,p1_real2,,"(2, 4)",98,2025-05-16 09:38:41.401580,False
,,highlighted_cell,,chase,134010.02717256278,"(2, 4)",322,hotcorner,p1_real2,,"(2, 4)",98,2025-05-16 09:38:41.742175,False
True,1.2643890380859375,TaskCompleted,0.722114086151123,chase,135244.6225408197,"(2, 4)",323,hotcorner,p1_real2,"(2, 4)","(2, 4)",98,2025-05-16 09:38:42.464289,False
,,highlighted_cell,,chase,136898.3267550455,"(3, 4)",324,hotcorner,p1_real2,,"(3, 4)",99,2025-05-16 09:38:44.134364,False
True,1.1758594512939453,TaskCompleted,0.5119004249572754,chase,138188.2215380931,"(3, 4)",325,hotcorner,p1_real2,"(3, 4)","(3, 4)",99,2025-05-16 09:38:44.646264,False
,,highlighted_cell,,chase,139402.03098038005,"(3, 4)",326,hotcorner,p1_real2,,"(3, 5)",100,2025-05-16 09:38:45.990272,False
,,highlighted_cell,,chase,139653.735913114,"(3, 5)",327,hotcorner,p1_real2,,"(3, 5)",100,2025-05-16 09:38:46.238372,False
True,1.199845790863037,TaskCompleted,0.6155955791473389,chase,140736.1360262146,"(3, 5)",328,hotcorner,p1_real2,"(3, 5)","(3, 5)",100,2025-05-16 09:38:46.853967,False
,,highlighted_cell,,chase,141868.08759767542,"(1, 4)",329,hotcorner,p1_real2,,"(1, 4)",101,2025-05-16 09:38:48.624529,False
True,1.4460728168487549,TaskCompleted,0.682147741317749,chase,143133.37199354192,"(1, 4)",330,hotcorner,p1_real2,"(1, 4)","(1, 4)",101,2025-05-16 09:38:49.306677,False
,,highlighted_cell,,chase,144488.03618185406,"(1, 4)",331,hotcorner,p1_real2,,"(1, 3)",102,2025-05-16 09:38:50.961008,False
,,highlighted_cell,,chase,145977.93702576822,"(1, 3)",332,hotcorner,p1_real2,,"(1, 3)",102,2025-05-16 09:38:53.284250,False
,,highlighted_cell,,chase,146189.5189373972,"(1, 4)",333,hotcorner,p1_real2,,"(1, 3)",102,2025-05-16 09:38:53.612764,False
,,highlighted_cell,,chase,146422.66361431466,"(1, 3)",334,hotcorner,p1_real2,,"(1, 3)",102,2025-05-16 09:38:53.841596,False
True,4.332558870315552,TaskCompleted,0.8040051460266113,chase,147643.9336423733,"(1, 3)",335,hotcorner,p1_real2,"(1, 3)","(1, 3)",102,2025-05-16 09:38:54.645601,False
,,highlighted_cell,,chase,148627.02308422534,"(1, 5)",336,hotcorner,p1_real2,,"(1, 5)",103,2025-05-16 09:38:56.253165,False
True,1.1773567199707031,TaskCompleted,0.5782663822174072,chase,149345.73930009344,"(1, 5)",337,hotcorner,p1_real2,"(1, 5)","(1, 5)",103,2025-05-16 09:38:56.831432,False
,,highlighted_cell,,chase,151034.60926016374,"(2, 3)",338,hotcorner,p1_real2,,"(2, 3)",104,2025-05-16 09:38:58.638219,False
True,1.4118845462799072,TaskCompleted,0.6124677658081055,chase,152333.6490551679,"(2, 3)",339,hotcorner,p1_real2,"(2, 3)","(2, 3)",104,2025-05-16 09:38:59.250687,False
,,highlighted_cell,,chase,154256.36411748175,"(3, 3)",340,hotcorner,p1_real2,,"(3, 3)",105,2025-05-16 09:39:00.864414,False
True,1.0684642791748047,TaskCompleted,0.46222877502441406,chase,155702.1013198365,"(3, 3)",341,hotcorner,p1_real2,"(3, 3)","(3, 3)",105,2025-05-16 09:39:01.326643,False
,,highlighted_cell,,chase,156792.24493635978,"(2, 5)",342,hotcorner,p1_real2,,"(2, 5)",106,2025-05-16 09:39:02.999133,False
True,1.0967192649841309,TaskCompleted,0.43054795265197754,chase,157575.62512400304,"(2, 5)",343,hotcorner,p1_real2,"(2, 5)","(2, 5)",106,2025-05-16 09:39:03.429681,False
,,highlighted_cell,,chase,158937.14798016864,"(2, 4)",344,hotcorner,p1_real2,,"(2, 4)",107,2025-05-16 09:39:05.025166,False
True,1.001556634902954,TaskCompleted,0.4129021167755127,chase,159866.06277682923,"(2, 4)",345,hotcorner,p1_real2,"(2, 4)","(2, 4)",107,2025-05-16 09:39:05.438068,False
,,highlighted_cell,,memory,930.2149343451734,"(3, 4)",346,hotcorner,p1_real2,,"(3, 3)",108,2025-05-16 09:42:21.668270,False
,,highlighted_cell,,memory,2964.1457777861924,"(2, 4)",347,hotcorner,p1_real2,,"(3, 3)",108,2025-05-16 09:42:22.471819,False
,,highlighted_cell,,memory,3283.8501713741693,"(2, 3)",348,hotcorner,p1_real2,,"(3, 3)",108,2025-05-16 09:42:22.723575,False
False,2.3528144359588623,TaskCompleted,0.971705436706543,memory,7080.438171434008,"(2, 3)",349,hotcorner,p1_real2,"(2, 3)","(3, 3)",108,2025-05-16 09:42:23.695281,False
,,highlighted_cell,,memory,10239.088399497557,"(2, 5)",350,hotcorner,p1_real2,,"(3, 4)",109,2025-05-16 09:42:25.746999,False
,,highlighted_cell,,memory,10611.729805854462,"(3, 4)",351,hotcorner,p1_real2,,"(3, 4)",109,2025-05-16 09:42:26.048301,False
True,1.9784572124481201,TaskCompleted,0.6328179836273193,memory,11870.19340719832,"(3, 4)",352,hotcorner,p1_real2,"(3, 4)","(3, 4)",109,2025-05-16 09:42:26.681119,False
,,highlighted_cell,,memory,14185.245553122826,"(3, 5)",353,hotcorner,p1_real2,,"(1, 3)",110,2025-05-16 09:42:28.910614,False
,,highlighted_cell,,memory,15998.943824518537,"(3, 4)",354,hotcorner,p1_real2,,"(1, 3)",110,2025-05-16 09:42:29.877912,False
,,highlighted_cell,,memory,16443.011496046496,"(3, 5)",355,hotcorner,p1_real2,,"(1, 3)",110,2025-05-16 09:42:30.312242,False
,,highlighted_cell,,memory,17198.23846643616,"(2, 3)",356,hotcorner,p1_real2,,"(1, 3)",110,2025-05-16 09:42:30.745222,False
,,highlighted_cell,,memory,17415.30188871219,"(1, 3)",357,hotcorner,p1_real2,,"(1, 3)",110,2025-05-16 09:42:31.097024,False
True,3.9807052612304688,TaskCompleted,0.5723912715911865,memory,18590.833447094963,"(1, 3)",358,hotcorner,p1_real2,"(1, 3)","(1, 3)",110,2025-05-16 09:42:31.669415,False
,,highlighted_cell,,memory,22512.811475030703,"(2, 3)",359,hotcorner,p1_real2,,"(2, 3)",111,2025-05-16 09:42:34.422400,False
True,2.2689826488494873,TaskCompleted,0.5218751430511475,memory,23766.090073324576,"(2, 3)",360,hotcorner,p1_real2,"(2, 3)","(2, 3)",111,2025-05-16 09:42:34.944275,False
,,highlighted_cell,,memory,26929.477717215395,"(3, 4)",361,hotcorner,p1_real2,,"(3, 3)",112,2025-05-16 09:42:37.101305,False
,,highlighted_cell,,memory,27267.3362984638,"(3, 3)",362,hotcorner,p1_real2,,"(3, 3)",112,2025-05-16 09:42:37.500949,False
,,highlighted_cell,,memory,29728.61924977985,"(2, 3)",363,hotcorner,p1_real2,,"(3, 3)",112,2025-05-16 09:42:38.017371,False
,,highlighted_cell,,memory,33575.987398661346,"(3, 3)",364,hotcorner,p1_real2,,"(3, 3)",112,2025-05-16 09:42:39.018696,False
True,4.027063608169556,TaskCompleted,0.9599168300628662,memory,35277.283410867894,"(3, 3)",365,hotcorner,p1_real2,"(3, 3)","(3, 3)",112,2025-05-16 09:42:39.978612,False
,,highlighted_cell,,memory,36864.40638823131,"(3, 5)",366,hotcorner,p1_real2,,"(2, 5)",113,2025-05-16 09:42:41.956875,False
,,highlighted_cell,,memory,37135.7158539777,"(2, 5)",367,hotcorner,p1_real2,,"(2, 5)",113,2025-05-16 09:42:42.273383,False
True,1.8815467357635498,TaskCompleted,0.5951428413391113,memory,37973.88135110612,"(2, 5)",368,hotcorner,p1_real2,"(2, 5)","(2, 5)",113,2025-05-16 09:42:42.868526,False
,,highlighted_cell,,memory,40146.21546673703,"(1, 4)",369,hotcorner,p1_real2,,"(1, 4)",114,2025-05-16 09:42:45.097596,False
True,1.6265110969543457,TaskCompleted,0.4045071601867676,memory,41210.91388964361,"(1, 4)",370,hotcorner,p1_real2,"(1, 4)","(1, 4)",114,2025-05-16 09:42:45.502103,False
,,highlighted_cell,,memory,42967.08056684284,"(2, 5)",371,hotcorner,p1_real2,,"(1, 3)",115,2025-05-16 09:42:47.343310,False
,,highlighted_cell,,memory,44506.752074619035,"(2, 5)",372,hotcorner,p1_real2,,"(1, 3)",115,2025-05-16 09:42:47.977497,False
,,highlighted_cell,,memory,44904.21351335674,"(2, 4)",373,hotcorner,p1_real2,,"(1, 3)",115,2025-05-16 09:42:48.229733,False
,,highlighted_cell,,memory,47817.36219804874,"(1, 3)",374,hotcorner,p1_real2,,"(1, 3)",115,2025-05-16 09:42:49.160374,False
True,3.359644889831543,TaskCompleted,0.7073845863342285,memory,49340.01857160108,"(1, 3)",375,hotcorner,p1_real2,"(1, 3)","(1, 3)",115,2025-05-16 09:42:49.867759,False
,,highlighted_cell,,memory,51166.64007868059,"(2, 5)",376,hotcorner,p1_real2,,"(3, 4)",116,2025-05-16 09:42:51.847141,False
,,highlighted_cell,,memory,51575.163162533725,"(3, 4)",377,hotcorner,p1_real2,,"(3, 4)",116,2025-05-16 09:42:52.080606,False
,,highlighted_cell,,memory,55076.802957690874,"(3, 4)",378,hotcorner,p1_real2,,"(3, 4)",116,2025-05-16 09:42:54.965409,False
True,4.647745132446289,TaskCompleted,0.5562865734100342,memory,56403.404801777084,"(3, 4)",379,hotcorner,p1_real2,"(3, 4)","(3, 4)",116,2025-05-16 09:42:55.521695,False
,,highlighted_cell,,memory,58005.50976724103,"(2, 5)",380,hotcorner,p1_real2,,"(1, 5)",117,2025-05-16 09:42:57.440414,False
,,highlighted_cell,,memory,58265.36765586991,"(1, 5)",381,hotcorner,p1_real2,,"(1, 5)",117,2025-05-16 09:42:57.675609,False
True,1.504532814025879,TaskCompleted,0.35829973220825195,memory,58964.59575263047,"(1, 5)",382,hotcorner,p1_real2,"(1, 5)","(1, 5)",117,2025-05-16 09:42:58.033909,False
,,highlighted_cell,,memory,60801.33845892169,"(2, 4)",383,hotcorner,p1_real2,,"(1, 4)",118,2025-05-16 09:43:00.110105,False
,,highlighted_cell,,memory,61240.25473847892,"(2, 3)",384,hotcorner,p1_real2,,"(1, 4)",118,2025-05-16 09:43:00.427901,False
,,highlighted_cell,,memory,62024.844798135935,"(1, 4)",385,hotcorner,p1_real2,,"(1, 4)",118,2025-05-16 09:43:00.858113,False
True,2.3514206409454346,TaskCompleted,0.5348317623138428,memory,63032.820691608176,"(1, 4)",386,hotcorner,p1_real2,"(1, 4)","(1, 4)",118,2025-05-16 09:43:01.392945,False
,,highlighted_cell,,memory,64375.57683670468,"(2, 5)",387,hotcorner,p1_real2,,"(2, 4)",119,2025-05-16 09:43:03.244551,False
,,highlighted_cell,,memory,64756.7229251782,"(2, 4)",388,hotcorner,p1_real2,,"(2, 4)",119,2025-05-16 09:43:03.498733,False
,,highlighted_cell,,memory,66884.82200360062,"(2, 4)",389,hotcorner,p1_real2,,"(2, 4)",119,2025-05-16 09:43:04.552731,False
True,2.756887435913086,TaskCompleted,0.6056215763092041,memory,67973.56841477123,"(2, 4)",390,hotcorner,p1_real2,"(2, 4)","(2, 4)",119,2025-05-16 09:43:05.158352,False
,,highlighted_cell,,memory,71270.2534857039,"(2, 5)",391,hotcorner,p1_real2,,"(2, 3)",120,2025-05-16 09:43:07.244171,False
,,highlighted_cell,,memory,72022.98691514417,"(2, 3)",392,hotcorner,p1_real2,,"(2, 3)",120,2025-05-16 09:43:07.795452,False
True,2.201817512512207,TaskCompleted,0.570258378982544,memory,73417.12830754624,"(2, 3)",393,hotcorner,p1_real2,"(2, 3)","(2, 3)",120,2025-05-16 09:43:08.365711,False
,,highlighted_cell,,memory,75027.2178289916,"(2, 5)",394,hotcorner,p1_real2,,"(2, 5)",121,2025-05-16 09:43:10.278123,False
True,1.3433647155761719,TaskCompleted,0.4408385753631592,memory,75835.01005466883,"(2, 5)",395,hotcorner,p1_real2,"(2, 5)","(2, 5)",121,2025-05-16 09:43:10.718961,False
,,highlighted_cell,,memory,77530.08211826762,"(2, 5)",396,hotcorner,p1_real2,,"(2, 4)",122,2025-05-16 09:43:12.512671,False
,,highlighted_cell,,memory,77892.89503808809,"(2, 4)",397,hotcorner,p1_real2,,"(2, 4)",122,2025-05-16 09:43:12.799868,False
True,1.4627656936645508,TaskCompleted,0.3907957077026367,memory,79127.01771688451,"(2, 4)",398,hotcorner,p1_real2,"(2, 4)","(2, 4)",122,2025-05-16 09:43:13.190664,False
,,highlighted_cell,,memory,81008.561715875,"(3, 4)",399,hotcorner,p1_real2,,"(3, 4)",123,2025-05-16 09:43:15.298306,False
True,1.240710735321045,TaskCompleted,0.14150261878967285,memory,82114.88621017427,"(3, 4)",400,hotcorner,p1_real2,"(3, 4)","(3, 4)",123,2025-05-16 09:43:15.439809,False
,,highlighted_cell,,memory,83650.9902348472,"(2, 5)",401,hotcorner,p1_real2,,"(2, 5)",124,2025-05-16 09:43:17.216625,False
,,highlighted_cell,,memory,87333.24827649423,"(2, 5)",402,hotcorner,p1_real2,,"(2, 5)",124,2025-05-16 09:43:19.035788,False
True,3.067368745803833,TaskCompleted,0.4783174991607666,memory,88455.31885555599,"(2, 5)",403,hotcorner,p1_real2,"(2, 5)","(2, 5)",124,2025-05-16 09:43:19.514105,False
,,highlighted_cell,,memory,90257.64027068518,"(2, 4)",404,hotcorner,p1_real2,,"(2, 3)",125,2025-05-16 09:43:21.572855,False
,,highlighted_cell,,memory,90712.76273865125,"(2, 3)",405,hotcorner,p1_real2,,"(2, 3)",125,2025-05-16 09:43:21.977498,False
True,1.8464560508728027,TaskCompleted,0.3905932903289795,memory,91961.3782903714,"(2, 3)",406,hotcorner,p1_real2,"(2, 3)","(2, 3)",125,2025-05-16 09:43:22.368091,False
,,highlighted_cell,,memory,94302.16931937565,"(3, 4)",407,hotcorner,p1_real2,,"(3, 4)",126,2025-05-16 09:43:24.673987,False
True,1.7078955173492432,TaskCompleted,0.40878963470458984,memory,95472.75227223872,"(3, 4)",408,hotcorner,p1_real2,"(3, 4)","(3, 4)",126,2025-05-16 09:43:25.082777,False
,,highlighted_cell,,memory,97094.9282774151,"(2, 4)",409,hotcorner,p1_real2,,"(1, 4)",127,2025-05-16 09:43:27.016320,False
,,highlighted_cell,,memory,98025.51001969569,"(1, 4)",410,hotcorner,p1_real2,,"(1, 4)",127,2025-05-16 09:43:27.431958,False
True,1.532801628112793,TaskCompleted,0.19103002548217773,memory,98859.8606327851,"(1, 4)",411,hotcorner,p1_real2,"(1, 4)","(1, 4)",127,2025-05-16 09:43:27.622988,False
,,highlighted_cell,,memory,100401.47996449957,"(2, 5)",412,hotcorner,p1_real2,,"(2, 5)",128,2025-05-16 09:43:29.717520,False
,,highlighted_cell,,memory,105054.92898286771,"(2, 5)",413,hotcorner,p1_real2,,"(2, 5)",128,2025-05-16 09:43:32.164051,False
True,3.991978406906128,TaskCompleted,0.4591102600097656,memory,105962.05979798,"(2, 5)",414,hotcorner,p1_real2,"(2, 5)","(2, 5)",128,2025-05-16 09:43:32.623161,False
,,highlighted_cell,,memory,107917.88952107217,"(3, 5)",415,hotcorner,p1_real2,,"(2, 4)",129,2025-05-16 09:43:34.602684,False
,,highlighted_cell,,memory,109577.01349097144,"(3, 4)",416,hotcorner,p1_real2,,"(2, 4)",129,2025-05-16 09:43:35.312820,False
,,highlighted_cell,,memory,109770.91441919714,"(2, 4)",417,hotcorner,p1_real2,,"(2, 4)",129,2025-05-16 09:43:35.548846,False
True,2.5412564277648926,TaskCompleted,0.6236083507537842,memory,110874.28519757812,"(2, 4)",418,hotcorner,p1_real2,"(2, 4)","(2, 4)",129,2025-05-16 09:43:36.172455,False
,,highlighted_cell,,memory,112790.18737241773,"(2, 4)",419,hotcorner,p1_real2,,"(3, 3)",130,2025-05-16 09:43:38.218114,False
,,highlighted_cell,,memory,115645.68179112452,"(1, 4)",420,hotcorner,p1_real2,,"(3, 3)",130,2025-05-16 09:43:39.822921,False
False,3.084684371948242,TaskCompleted,0.4417073726654053,memory,116694.76150338906,"(1, 4)",421,hotcorner,p1_real2,"(1, 4)","(3, 3)",130,2025-05-16 09:43:40.264629,False
,,highlighted_cell,,memory,120539.21333950399,"(2, 4)",422,hotcorner,p1_real2,,"(3, 4)",131,2025-05-16 09:43:42.525896,False
,,highlighted_cell,,memory,121376.3070494011,"(1, 3)",423,hotcorner,p1_real2,,"(3, 4)",131,2025-05-16 09:43:43.192450,False
,,highlighted_cell,,memory,122027.82802257479,"(3, 4)",424,hotcorner,p1_real2,,"(3, 4)",131,2025-05-16 09:43:43.430854,False
True,2.7061266899108887,TaskCompleted,0.5498743057250977,memory,123390.27048833515,"(3, 4)",425,hotcorner,p1_real2,"(3, 4)","(3, 4)",131,2025-05-16 09:43:43.980729,False
,,highlighted_cell,,memory,124291.98625943827,"(1, 4)",426,hotcorner,p1_real2,,"(1, 3)",132,2025-05-16 09:43:45.323969,False
,,highlighted_cell,,memory,127093.25410269621,"(2, 5)",427,hotcorner,p1_real2,,"(1, 3)",132,2025-05-16 09:43:46.507834,False
,,highlighted_cell,,memory,128584.94817772707,"(2, 5)",428,hotcorner,p1_real2,,"(1, 3)",132,2025-05-16 09:43:47.325744,False
,,highlighted_cell,,memory,130424.22576450718,"(3, 5)",429,hotcorner,p1_real2,,"(1, 3)",132,2025-05-16 09:43:48.460008,False
,,highlighted_cell,,memory,132632.56669950308,"(2, 3)",430,hotcorner,p1_real2,,"(1, 3)",132,2025-05-16 09:43:49.543342,False
,,highlighted_cell,,memory,133447.0086095612,"(1, 3)",431,hotcorner,p1_real2,,"(1, 3)",132,2025-05-16 09:43:50.712714,False
True,6.3628764152526855,TaskCompleted,0.6386573314666748,memory,135016.5659055394,"(1, 3)",432,hotcorner,p1_real2,"(1, 3)","(1, 3)",132,2025-05-16 09:43:51.351371,False
,,highlighted_cell,,memory,140451.06891640343,"(1, 3)",433,hotcorner,p1_real2,,"(1, 3)",133,2025-05-16 09:43:54.732093,False
,,highlighted_cell,,memory,143496.57205796524,"(1, 3)",434,hotcorner,p1_real2,,"(1, 3)",133,2025-05-16 09:43:55.632641,False
True,3.896556854248047,TaskCompleted,0.6230146884918213,memory,144880.14904620955,"(1, 3)",435,hotcorner,p1_real2,"(1, 3)","(1, 3)",133,2025-05-16 09:43:56.255656,False
,,highlighted_cell,,memory,146581.51266607785,"(2, 5)",436,hotcorner,p1_real2,,"(2, 5)",134,2025-05-16 09:43:58.168977,False
True,1.3608801364898682,TaskCompleted,0.4547741413116455,memory,147398.84017529455,"(2, 5)",437,hotcorner,p1_real2,"(2, 5)","(2, 5)",134,2025-05-16 09:43:58.624751,False
,,highlighted_cell,,memory,148960.08459910948,"(2, 5)",438,hotcorner,p1_real2,,"(2, 5)",135,2025-05-16 09:44:00.440417,False
,,highlighted_cell,,memory,150629.6917781959,"(2, 5)",439,hotcorner,p1_real2,,"(2, 5)",135,2025-05-16 09:44:01.057073,False
True,1.6351349353790283,TaskCompleted,0.2103281021118164,memory,151384.2462293258,"(2, 5)",440,hotcorner,p1_real2,"(2, 5)","(2, 5)",135,2025-05-16 09:44:01.267401,False
,,highlighted_cell,,memory,153106.0479556143,"(2, 5)",441,hotcorner,p1_real2,,"(2, 5)",136,2025-05-16 09:44:03.145889,False
True,1.3107473850250244,TaskCompleted,0.441070556640625,memory,153951.00755804454,"(2, 5)",442,hotcorner,p1_real2,"(2, 5)","(2, 5)",136,2025-05-16 09:44:03.586960,False
,,highlighted_cell,,memory,155551.41333421032,"(2, 5)",443,hotcorner,p1_real2,,"(2, 4)",137,2025-05-16 09:44:05.408842,False
,,highlighted_cell,,memory,155908.63808664013,"(2, 4)",444,hotcorner,p1_real2,,"(2, 4)",137,2025-05-16 09:44:05.643170,False
True,1.5359842777252197,TaskCompleted,0.48754215240478516,memory,157118.65981521262,"(2, 4)",445,hotcorner,p1_real2,"(2, 4)","(2, 4)",137,2025-05-16 09:44:06.130712,False
,,highlighted_cell,,memory,158613.33964913478,"(2, 4)",446,hotcorner,p1_real2,,"(2, 4)",138,2025-05-16 09:44:07.401264,False
,,highlighted_cell,,memory,161599.67118078042,"(2, 4)",447,hotcorner,p1_real2,,"(2, 4)",138,2025-05-16 09:44:08.622918,False
,,highlighted_cell,,memory,164781.14210273538,"(2, 4)",448,hotcorner,p1_real2,,"(2, 4)",138,2025-05-16 09:44:11.228736,False
True,4.5343828201293945,TaskCompleted,0.4447629451751709,memory,165940.18174678195,"(2, 4)",449,hotcorner,p1_real2,"(2, 4)","(2, 4)",138,2025-05-16 09:44:11.673499,False
,,highlighted_cell,,memory,169824.42643087512,"(1, 4)",450,hotcorner,p1_real2,,"(2, 3)",139,2025-05-16 09:44:14.432798,False
,,highlighted_cell,,memory,170229.1201381083,"(2, 3)",451,hotcorner,p1_real2,,"(2, 3)",139,2025-05-16 09:44:14.682126,False
True,2.507295846939087,TaskCompleted,0.5058531761169434,memory,171837.3903706557,"(2, 3)",452,hotcorner,p1_real2,"(2, 3)","(2, 3)",139,2025-05-16 09:44:15.187979,False
,,highlighted_cell,,memory,173274.8275407382,"(2, 5)",453,hotcorner,p1_real2,,"(2, 5)",140,2025-05-16 09:44:17.064500,False
True,1.2619690895080566,TaskCompleted,0.3934617042541504,memory,174191.04671073347,"(2, 5)",454,hotcorner,p1_real2,"(2, 5)","(2, 5)",140,2025-05-16 09:44:17.457962,False
,,highlighted_cell,,memory,176344.25563048475,"(2, 4)",455,hotcorner,p1_real2,,"(2, 4)",141,2025-05-16 09:44:19.501723,False
True,1.6739377975463867,TaskCompleted,0.6401605606079102,memory,177941.96128542718,"(2, 4)",456,hotcorner,p1_real2,"(2, 4)","(2, 4)",141,2025-05-16 09:44:20.141883,False
,,highlighted_cell,,memory,179798.13796748902,"(2, 3)",457,hotcorner,p1_real2,,"(2, 3)",142,2025-05-16 09:44:22.289868,False
,,highlighted_cell,,memory,184006.46809954365,"(3, 3)",458,hotcorner,p1_real2,,"(2, 3)",142,2025-05-16 09:44:23.787977,False
,,highlighted_cell,,memory,185262.12164872137,"(3, 4)",459,hotcorner,p1_real2,,"(2, 3)",142,2025-05-16 09:44:24.667389,False
,,highlighted_cell,,memory,187757.58383128134,"(2, 3)",460,hotcorner,p1_real2,,"(2, 3)",142,2025-05-16 09:44:25.428654,False
,,highlighted_cell,,memory,193379.18074524304,"(2, 3)",461,hotcorner,p1_real2,,"(2, 3)",142,2025-05-16 09:44:27.943410,False
True,7.3653953075408936,TaskCompleted,0.5725643634796143,memory,194693.95125018718,"(2, 3)",462,hotcorner,p1_real2,"(2, 3)","(2, 3)",142,2025-05-16 09:44:28.515975,False
,,highlighted_cell,,memory,196518.83258993673,"(2, 3)",463,hotcorner,p1_real2,,"(2, 5)",143,2025-05-16 09:44:29.819147,False
,,highlighted_cell,,memory,198949.46437241955,"(2, 5)",464,hotcorner,p1_real2,,"(2, 5)",143,2025-05-16 09:44:30.697863,False
True,1.6102592945098877,TaskCompleted,0.43698573112487793,memory,199861.65072387215,"(2, 5)",465,hotcorner,p1_real2,"(2, 5)","(2, 5)",143,2025-05-16 09:44:31.134849,False
,,highlighted_cell,,chase,1348.2315489896182,"(3, 4)",466,head_turn,p1_real2,,"(3, 4)",144,2025-05-16 09:45:51.108351,False
,,highlighted_cell,,chase,14247.594713186101,"(2, 4)",467,head_turn,p1_real2,,"(3, 4)",144,2025-05-16 09:45:57.912793,False
,,highlighted_cell,,chase,15069.922195797406,"(3, 4)",468,head_turn,p1_real2,,"(3, 4)",144,2025-05-16 09:45:58.824914,False
True,16.34592580795288,TaskCompleted,7.896486520767212,chase,26042.465702979145,"(3, 4)",469,head_turn,p1_real2,"(3, 4)","(3, 4)",144,2025-05-16 09:46:06.721400,False
,,highlighted_cell,,chase,27138.55390847611,"(3, 4)",470,head_turn,p1_real2,,"(3, 5)",145,2025-05-16 09:46:08.139368,False
,,highlighted_cell,,chase,27462.817000762083,"(3, 5)",471,head_turn,p1_real2,,"(3, 5)",145,2025-05-16 09:46:08.563152,False
,,highlighted_cell,,chase,28239.525831001414,"(3, 4)",472,head_turn,p1_real2,,"(3, 5)",145,2025-05-16 09:46:11.733426,False
,,highlighted_cell,,chase,29414.356804943804,"(3, 5)",473,head_turn,p1_real2,,"(3, 5)",145,2025-05-16 09:46:13.181816,False
True,8.74074649810791,TaskCompleted,3.2962899208068848,chase,31241.860130451827,"(3, 5)",474,head_turn,p1_real2,"(3, 5)","(3, 5)",145,2025-05-16 09:46:16.478106,False
,,highlighted_cell,,chase,33217.102320767764,"(1, 4)",475,head_turn,p1_real2,,"(1, 4)",146,2025-05-16 09:46:18.489162,False
,,highlighted_cell,,chase,38075.258267413505,"(2, 4)",476,head_turn,p1_real2,,"(1, 4)",146,2025-05-16 09:46:20.723469,False
,,highlighted_cell,,chase,38827.17416850148,"(1, 4)",477,head_turn,p1_real2,,"(1, 4)",146,2025-05-16 09:46:21.784630,False
,,highlighted_cell,,chase,40192.110379693586,"(2, 4)",478,head_turn,p1_real2,,"(1, 4)",146,2025-05-16 09:46:23.324965,False
,,highlighted_cell,,chase,41064.53543489825,"(1, 4)",479,head_turn,p1_real2,,"(1, 4)",146,2025-05-16 09:46:25.087145,False
True,9.418351650238037,TaskCompleted,1.8200623989105225,chase,41867.29611374121,"(1, 4)",480,head_turn,p1_real2,"(1, 4)","(1, 4)",146,2025-05-16 09:46:26.907207,False
,,highlighted_cell,,chase,42601.55104973557,"(1, 3)",481,head_turn,p1_real2,,"(1, 3)",147,2025-05-16 09:46:28.815695,False
True,2.099923849105835,TaskCompleted,1.200986385345459,chase,42981.95650077232,"(1, 3)",482,head_turn,p1_real2,"(1, 3)","(1, 3)",147,2025-05-16 09:46:30.016681,False
,,highlighted_cell,,chase,44941.58060381938,"(1, 5)",483,head_turn,p1_real2,,"(1, 5)",148,2025-05-16 09:46:32.002968,False
True,1.7833914756774902,TaskCompleted,0.8049612045288086,chase,45204.35126418664,"(1, 5)",484,head_turn,p1_real2,"(1, 5)","(1, 5)",148,2025-05-16 09:46:32.807929,False
,,highlighted_cell,,chase,46240.905983065575,"(2, 3)",485,head_turn,p1_real2,,"(2, 3)",149,2025-05-16 09:46:34.704880,False
True,1.6115751266479492,TaskCompleted,0.7259554862976074,chase,46404.88164318801,"(2, 3)",486,head_turn,p1_real2,"(2, 3)","(2, 3)",149,2025-05-16 09:46:35.430836,False
,,highlighted_cell,,chase,47462.86083472297,"(3, 3)",487,head_turn,p1_real2,,"(3, 3)",150,2025-05-16 09:46:37.464129,False
True,1.854175329208374,TaskCompleted,0.83003830909729,chase,47722.859828847475,"(3, 3)",488,head_turn,p1_real2,"(3, 3)","(3, 3)",150,2025-05-16 09:46:38.294167,False
,,highlighted_cell,,chase,49058.20207576441,"(2, 4)",489,head_turn,p1_real2,,"(2, 5)",151,2025-05-16 09:46:40.603922,False
,,highlighted_cell,,chase,49292.22796097918,"(2, 5)",490,head_turn,p1_real2,,"(2, 5)",151,2025-05-16 09:46:41.044575,False
True,2.570099353790283,TaskCompleted,0.8282113075256348,chase,49768.56837805507,"(2, 5)",491,head_turn,p1_real2,"(2, 5)","(2, 5)",151,2025-05-16 09:46:41.872787,False
,,highlighted_cell,,chase,50586.506638002946,"(2, 4)",492,head_turn,p1_real2,,"(2, 4)",152,2025-05-16 09:46:43.528427,False
True,1.4400858879089355,TaskCompleted,0.7938382625579834,chase,50782.590457898565,"(2, 4)",493,head_turn,p1_real2,"(2, 4)","(2, 4)",152,2025-05-16 09:46:44.322266,False
,,highlighted_cell,,chase,51043.941116227186,"(2, 4)",494,head_turn,p1_real2,,"(3, 4)",153,2025-05-16 09:46:45.731566,False
,,highlighted_cell,,chase,51529.70032884186,"(3, 4)",495,head_turn,p1_real2,,"(3, 4)",153,2025-05-16 09:46:46.177899,False
True,1.6084318161010742,TaskCompleted,0.7607564926147461,chase,52002.85128974825,"(3, 4)",496,head_turn,p1_real2,"(3, 4)","(3, 4)",153,2025-05-16 09:46:46.938655,False
,,highlighted_cell,,chase,52413.79752119459,"(3, 4)",497,head_turn,p1_real2,,"(3, 5)",154,2025-05-16 09:46:48.360587,False
,,highlighted_cell,,chase,52724.62327254954,"(3, 5)",498,head_turn,p1_real2,,"(3, 5)",154,2025-05-16 09:46:48.789844,False
True,1.3544466495513916,TaskCompleted,0.5105729103088379,chase,53085.98663389226,"(3, 5)",499,head_turn,p1_real2,"(3, 5)","(3, 5)",154,2025-05-16 09:46:49.300417,False
,,highlighted_cell,,chase,54207.100304469386,"(1, 4)",500,head_turn,p1_real2,,"(1, 4)",155,2025-05-16 09:46:51.139292,False
True,2.0864057540893555,TaskCompleted,1.2561476230621338,chase,54347.4909340631,"(1, 4)",501,head_turn,p1_real2,"(1, 4)","(1, 4)",155,2025-05-16 09:46:52.395440,False
,,highlighted_cell,,chase,55663.22525487828,"(1, 3)",502,head_turn,p1_real2,,"(1, 3)",156,2025-05-16 09:46:54.254475,False
True,1.6058847904205322,TaskCompleted,0.7563493251800537,chase,55910.512072618636,"(1, 3)",503,head_turn,p1_real2,"(1, 3)","(1, 3)",156,2025-05-16 09:46:55.010825,False
,,highlighted_cell,,chase,56754.260859922644,"(1, 5)",504,head_turn,p1_real2,,"(1, 5)",157,2025-05-16 09:46:56.833947,False
,,highlighted_cell,,chase,57083.93975269127,"(1, 4)",505,head_turn,p1_real2,,"(1, 5)",157,2025-05-16 09:46:57.630058,False
False,2.1046524047851562,TaskCompleted,0.4948434829711914,chase,58038.121274445024,"(1, 4)",506,head_turn,p1_real2,"(1, 4)","(1, 5)",157,2025-05-16 09:46:58.124901,False
,,highlighted_cell,,chase,59557.044063760615,"(2, 3)",507,head_turn,p1_real2,,"(2, 3)",158,2025-05-16 09:46:59.905407,False
True,1.546797513961792,TaskCompleted,0.7737829685211182,chase,59833.6599712656,"(2, 3)",508,head_turn,p1_real2,"(2, 3)","(2, 3)",158,2025-05-16 09:47:00.679190,False
,,highlighted_cell,,chase,61228.83578743374,"(3, 3)",509,head_turn,p1_real2,,"(3, 3)",159,2025-05-16 09:47:02.629892,False
True,1.773319959640503,TaskCompleted,0.832021951675415,chase,61548.86971438042,"(3, 3)",510,head_turn,p1_real2,"(3, 3)","(3, 3)",159,2025-05-16 09:47:03.461914,False
,,highlighted_cell,,chase,62571.75685328806,"(2, 5)",511,head_turn,p1_real2,,"(2, 5)",160,2025-05-16 09:47:05.280761,False
True,2.080620765686035,TaskCompleted,1.2689287662506104,chase,62733.967756820864,"(2, 5)",512,head_turn,p1_real2,"(2, 5)","(2, 5)",160,2025-05-16 09:47:06.549690,False
,,highlighted_cell,,chase,63256.98522543754,"(2, 4)",513,head_turn,p1_real2,,"(2, 4)",161,2025-05-16 09:47:07.972541,False
True,1.7664830684661865,TaskCompleted,1.3521616458892822,chase,63887.726920238056,"(2, 4)",514,head_turn,p1_real2,"(2, 4)","(2, 4)",161,2025-05-16 09:47:09.324703,False
,,highlighted_cell,,chase,64918.1757971956,"(3, 4)",515,head_turn,p1_real2,,"(3, 4)",162,2025-05-16 09:47:11.069005,False
True,1.1497406959533691,TaskCompleted,0.41364169120788574,chase,65074.6603805999,"(3, 4)",516,head_turn,p1_real2,"(3, 4)","(3, 4)",162,2025-05-16 09:47:11.482646,False
,,highlighted_cell,,chase,66445.14697317028,"(3, 5)",517,head_turn,p1_real2,,"(3, 5)",163,2025-05-16 09:47:13.352864,False
True,1.19242525100708,TaskCompleted,0.33115720748901367,chase,66543.03811502986,"(3, 5)",518,head_turn,p1_real2,"(3, 5)","(3, 5)",163,2025-05-16 09:47:13.684021,False
,,highlighted_cell,,chase,67502.28884758629,"(1, 4)",519,head_turn,p1_real2,,"(1, 4)",164,2025-05-16 09:47:15.536701,False
True,1.2221181392669678,TaskCompleted,0.3771367073059082,chase,67604.82445311156,"(1, 4)",520,head_turn,p1_real2,"(1, 4)","(1, 4)",164,2025-05-16 09:47:15.913838,False
,,highlighted_cell,,chase,68903.76425561543,"(1, 3)",521,head_turn,p1_real2,,"(1, 3)",165,2025-05-16 09:47:17.884124,False
True,1.077632188796997,TaskCompleted,0.11563992500305176,chase,68903.76425561543,"(1, 3)",522,head_turn,p1_real2,"(1, 3)","(1, 3)",165,2025-05-16 09:47:17.999763,False
,,highlighted_cell,,chase,70117.27187670964,"(1, 5)",523,head_turn,p1_real2,,"(1, 5)",166,2025-05-16 09:47:19.950538,False
True,1.2569222450256348,TaskCompleted,0.3137474060058594,chase,70166.8084064634,"(1, 5)",524,head_turn,p1_real2,"(1, 5)","(1, 5)",166,2025-05-16 09:47:20.264285,False
,,highlighted_cell,,chase,71061.97041966018,"(2, 3)",525,head_turn,p1_real2,,"(2, 3)",167,2025-05-16 09:47:22.034857,False
True,1.091313362121582,TaskCompleted,0.33066606521606445,chase,71173.85270585782,"(2, 3)",526,head_turn,p1_real2,"(2, 3)","(2, 3)",167,2025-05-16 09:47:22.365523,False
,,highlighted_cell,,chase,72208.20756961568,"(3, 3)",527,head_turn,p1_real2,,"(3, 3)",168,2025-05-16 09:47:24.191303,False
True,1.126349925994873,TaskCompleted,0.30968546867370605,chase,72208.20756961568,"(3, 3)",528,head_turn,p1_real2,"(3, 3)","(3, 3)",168,2025-05-16 09:47:24.500989,False
,,highlighted_cell,,chase,73624.4050464994,"(3, 5)",529,head_turn,p1_real2,,"(2, 5)",169,2025-05-16 09:47:26.876048,False
,,highlighted_cell,,chase,74845.42878973183,"(3, 4)",530,head_turn,p1_real2,,"(2, 5)",169,2025-05-16 09:47:28.134988,False
False,3.4351046085357666,TaskCompleted,0.8093340396881104,chase,76147.77375431548,"(3, 4)",531,head_turn,p1_real2,"(3, 4)","(2, 5)",169,2025-05-16 09:47:28.944322,True
,,highlighted_cell,,chase,76843.95188102586,"(2, 4)",532,head_turn,p1_real2,,"(2, 4)",170,2025-05-16 09:47:30.774397,False
True,1.5147631168365479,TaskCompleted,0.6947875022888184,chase,77040.78165036962,"(2, 4)",533,head_turn,p1_real2,"(2, 4)","(2, 4)",170,2025-05-16 09:47:31.469184,False
,,highlighted_cell,,chase,77933.0356864871,"(3, 4)",534,head_turn,p1_real2,,"(3, 4)",171,2025-05-16 09:47:33.258617,False
,,highlighted_cell,,chase,80703.43541096145,"(3, 5)",535,head_turn,p1_real2,,"(3, 4)",171,2025-05-16 09:47:36.715066,False
,,highlighted_cell,,chase,81529.52878498723,"(3, 4)",536,head_turn,p1_real2,,"(3, 4)",171,2025-05-16 09:47:37.760243,False
,,highlighted_cell,,chase,82664.58661753975,"(3, 3)",537,head_turn,p1_real2,,"(3, 4)",171,2025-05-16 09:47:39.772123,False
,,highlighted_cell,,chase,83466.14229841913,"(3, 4)",538,head_turn,p1_real2,,"(3, 4)",171,2025-05-16 09:47:40.725146,False
True,15.043754577636719,TaskCompleted,6.7964160442352295,chase,88598.83668778757,"(3, 4)",539,head_turn,p1_real2,"(3, 4)","(3, 4)",171,2025-05-16 09:47:47.521562,False
,,highlighted_cell,,chase,89607.19151271816,"(3, 5)",540,head_turn,p1_real2,,"(3, 5)",172,2025-05-16 09:47:49.346279,False
,,highlighted_cell,,chase,91241.42759970562,"(3, 4)",541,head_turn,p1_real2,,"(3, 5)",172,2025-05-16 09:47:51.513852,False
False,4.055870532989502,TaskCompleted,1.0734927654266357,chase,91299.99847218583,"(3, 4)",542,head_turn,p1_real2,"(3, 4)","(3, 5)",172,2025-05-16 09:47:52.587345,False
,,highlighted_cell,,chase,92437.76217510394,"(1, 4)",543,head_turn,p1_real2,,"(1, 4)",173,2025-05-16 09:47:54.422096,False
True,6.005204200744629,TaskCompleted,5.178542852401733,chase,95666.87161245936,"(1, 4)",544,head_turn,p1_real2,"(1, 4)","(1, 4)",173,2025-05-16 09:47:59.600639,False
,,highlighted_cell,,chase,95936.97331007624,"(1, 4)",545,head_turn,p1_real2,,"(1, 3)",174,2025-05-16 09:48:01.014170,False
,,highlighted_cell,,chase,96274.92395596272,"(1, 3)",546,head_turn,p1_real2,,"(1, 3)",174,2025-05-16 09:48:01.445001,False
True,2.4714622497558594,TaskCompleted,1.6361865997314453,chase,96735.40614980624,"(1, 3)",547,head_turn,p1_real2,"(1, 3)","(1, 3)",174,2025-05-16 09:48:03.081187,False
,,highlighted_cell,,chase,97557.85661671234,"(1, 5)",548,head_turn,p1_real2,,"(1, 5)",175,2025-05-16 09:48:05.022207,False
,,highlighted_cell,,chase,97896.89777670825,"(1, 4)",549,head_turn,p1_real2,,"(1, 5)",175,2025-05-16 09:48:06.103491,False
False,2.5112807750701904,TaskCompleted,0.4992103576660156,chase,98112.29044139301,"(1, 4)",550,head_turn,p1_real2,"(1, 4)","(1, 5)",175,2025-05-16 09:48:06.602701,True
,,highlighted_cell,,chase,99210.16396986785,"(2, 3)",551,head_turn,p1_real2,,"(2, 3)",176,2025-05-16 09:48:08.374142,False
,,highlighted_cell,,chase,100000.24916202051,"(3, 4)",552,head_turn,p1_real2,,"(2, 3)",176,2025-05-16 09:48:09.876496,False
,,highlighted_cell,,chase,101919.04021615817,"(2, 3)",553,head_turn,p1_real2,,"(2, 3)",176,2025-05-16 09:48:11.987509,False
,,highlighted_cell,,chase,103536.5946481203,"(2, 4)",554,head_turn,p1_real2,,"(2, 3)",176,2025-05-16 09:48:14.422642,False
,,highlighted_cell,,chase,104424.7685207309,"(2, 3)",555,head_turn,p1_real2,,"(2, 3)",176,2025-05-16 09:48:16.225747,False
True,20.96092200279236,TaskCompleted,12.346718311309814,chase,112251.82949052998,"(2, 3)",556,head_turn,p1_real2,"(2, 3)","(2, 3)",176,2025-05-16 09:48:28.572465,False
,,highlighted_cell,,chase,112606.14271547341,"(2, 3)",557,head_turn,p1_real2,,"(3, 3)",177,2025-05-16 09:48:29.995535,False
,,highlighted_cell,,chase,113046.72486044107,"(3, 3)",558,head_turn,p1_real2,,"(3, 3)",177,2025-05-16 09:48:30.426399,False
True,1.6750645637512207,TaskCompleted,0.8308789730072021,chase,113783.61192466547,"(3, 3)",559,head_turn,p1_real2,"(3, 3)","(3, 3)",177,2025-05-16 09:48:31.257278,False
,,highlighted_cell,,chase,115088.56515547217,"(2, 5)",560,head_turn,p1_real2,,"(2, 5)",178,2025-05-16 09:48:33.206373,False
True,1.6989645957946777,TaskCompleted,0.7591736316680908,chase,115240.52516340057,"(2, 5)",561,head_turn,p1_real2,"(2, 5)","(2, 5)",178,2025-05-16 09:48:33.965547,False
,,highlighted_cell,,chase,115760.01332459469,"(2, 4)",562,head_turn,p1_real2,,"(2, 4)",179,2025-05-16 09:48:35.423797,False
True,1.2758209705352783,TaskCompleted,0.826268196105957,chase,116014.38843136962,"(2, 4)",563,head_turn,p1_real2,"(2, 4)","(2, 4)",179,2025-05-16 09:48:36.250065,False
,,highlighted_cell,,memory,7598.750929641804,"(2, 5)",564,head_turn,p1_real2,,"(1, 5)",180,2025-05-16 09:50:13.399947,False
,,highlighted_cell,,memory,8018.326384409206,"(1, 4)",565,head_turn,p1_real2,,"(1, 5)",180,2025-05-16 09:50:14.255215,False
,,highlighted_cell,,memory,9164.816248243169,"(1, 5)",566,head_turn,p1_real2,,"(1, 5)",180,2025-05-16 09:50:16.237911,False
,,highlighted_cell,,memory,10289.131287950804,"(2, 4)",567,head_turn,p1_real2,,"(1, 5)",180,2025-05-16 09:50:18.099147,False
False,8.700831174850464,TaskCompleted,0.19362497329711914,memory,10719.159936288299,"(2, 4)",568,head_turn,p1_real2,"(2, 4)","(1, 5)",180,2025-05-16 09:50:18.292772,True
,,highlighted_cell,,memory,12061.03133149082,"(1, 4)",569,head_turn,p1_real2,,"(2, 4)",181,2025-05-16 09:50:19.785156,False
,,highlighted_cell,,memory,14507.27344488495,"(2, 4)",570,head_turn,p1_real2,,"(2, 4)",181,2025-05-16 09:50:20.757913,False
True,3.2900586128234863,TaskCompleted,1.8354907035827637,memory,15957.428794585725,"(2, 4)",571,head_turn,p1_real2,"(2, 4)","(2, 4)",181,2025-05-16 09:50:22.593403,False
,,highlighted_cell,,memory,16257.832353951602,"(2, 4)",572,head_turn,p1_real2,,"(3, 5)",182,2025-05-16 09:50:24.022193,False
,,highlighted_cell,,memory,19255.57055630044,"(3, 5)",573,head_turn,p1_real2,,"(3, 5)",182,2025-05-16 09:50:25.706772,False
True,3.0276076793670654,TaskCompleted,0.9250712394714355,memory,19707.124210641694,"(3, 5)",574,head_turn,p1_real2,"(3, 5)","(3, 5)",182,2025-05-16 09:50:26.631843,False
,,highlighted_cell,,memory,22093.778330068857,"(1, 4)",575,head_turn,p1_real2,,"(3, 3)",183,2025-05-16 09:50:28.514479,False
,,highlighted_cell,,memory,24974.59119371924,"(3, 3)",576,head_turn,p1_real2,,"(3, 3)",183,2025-05-16 09:50:30.406046,False
True,3.5751681327819824,TaskCompleted,0.8103303909301758,memory,25511.535786288954,"(3, 3)",577,head_turn,p1_real2,"(3, 3)","(3, 3)",183,2025-05-16 09:50:31.216377,False
,,highlighted_cell,,memory,28683.886563649005,"(2, 4)",578,head_turn,p1_real2,,"(2, 5)",184,2025-05-16 09:50:33.446583,False
,,highlighted_cell,,memory,29612.76900106993,"(2, 5)",579,head_turn,p1_real2,,"(2, 5)",184,2025-05-16 09:50:35.132684,False
True,5.4614012241363525,TaskCompleted,2.555462598800659,memory,33562.95487809518,"(2, 5)",580,head_turn,p1_real2,"(2, 5)","(2, 5)",184,2025-05-16 09:50:37.688147,False
,,highlighted_cell,,memory,35984.71039479475,"(1, 4)",581,head_turn,p1_real2,,"(1, 5)",185,2025-05-16 09:50:40.101262,False
,,highlighted_cell,,memory,36255.856088777706,"(1, 5)",582,head_turn,p1_real2,,"(1, 5)",185,2025-05-16 09:50:40.688339,False
,,highlighted_cell,,memory,38958.52936630759,"(1, 4)",583,head_turn,p1_real2,,"(1, 5)",185,2025-05-16 09:50:42.889788,False
,,highlighted_cell,,memory,41171.98575391255,"(1, 5)",584,head_turn,p1_real2,,"(1, 5)",185,2025-05-16 09:50:44.872300,False
,,highlighted_cell,,memory,42140.344144712704,"(1, 3)",585,head_turn,p1_real2,,"(1, 5)",185,2025-05-16 09:50:46.541169,False
,,highlighted_cell,,memory,43158.03232849133,"(1, 5)",586,head_turn,p1_real2,,"(1, 5)",185,2025-05-16 09:50:47.159605,False
True,9.949055671691895,TaskCompleted,1.4887113571166992,memory,44840.18267234263,"(1, 5)",587,head_turn,p1_real2,"(1, 5)","(1, 5)",185,2025-05-16 09:50:48.648317,False
,,highlighted_cell,,memory,45191.54893559021,"(1, 5)",588,head_turn,p1_real2,,"(1, 4)",186,2025-05-16 09:50:50.084247,False
,,highlighted_cell,,memory,49259.30289777634,"(1, 4)",589,head_turn,p1_real2,,"(1, 4)",186,2025-05-16 09:50:51.817928,False
True,6.047152519226074,TaskCompleted,3.8863115310668945,memory,51977.57884011049,"(1, 4)",590,head_turn,p1_real2,"(1, 4)","(1, 4)",186,2025-05-16 09:50:55.704239,False
,,highlighted_cell,,memory,52364.70539892741,"(1, 4)",591,head_turn,p1_real2,,"(3, 3)",187,2025-05-16 09:50:57.135278,False
,,highlighted_cell,,memory,55370.880722696005,"(2, 5)",592,head_turn,p1_real2,,"(3, 3)",187,2025-05-16 09:50:58.450212,False
,,highlighted_cell,,memory,59829.68357785956,"(3, 3)",593,head_turn,p1_real2,,"(3, 3)",187,2025-05-16 09:51:00.420588,False
True,4.614915609359741,TaskCompleted,0.9076211452484131,memory,60421.42442564672,"(3, 3)",594,head_turn,p1_real2,"(3, 3)","(3, 3)",187,2025-05-16 09:51:01.328209,False
,,highlighted_cell,,memory,60692.63456770734,"(3, 3)",595,head_turn,p1_real2,,"(2, 4)",188,2025-05-16 09:51:02.759198,False
,,highlighted_cell,,memory,63248.434505632,"(2, 4)",596,head_turn,p1_real2,,"(2, 4)",188,2025-05-16 09:51:03.936685,False
True,2.3227827548980713,TaskCompleted,0.724510669708252,memory,63604.51496041267,"(2, 4)",597,head_turn,p1_real2,"(2, 4)","(2, 4)",188,2025-05-16 09:51:04.661195,False
,,highlighted_cell,,memory,66278.73120405333,"(2, 4)",598,head_turn,p1_real2,,"(2, 4)",189,2025-05-16 09:51:06.892699,False
True,1.9636719226837158,TaskCompleted,0.744030237197876,memory,66708.69146839855,"(2, 4)",599,head_turn,p1_real2,"(2, 4)","(2, 4)",189,2025-05-16 09:51:07.636729,False
,,highlighted_cell,,memory,67160.84714721654,"(2, 3)",600,head_turn,p1_real2,,"(3, 5)",190,2025-05-16 09:51:09.068337,False
,,highlighted_cell,,memory,68760.58674182957,"(2, 4)",601,head_turn,p1_real2,,"(3, 5)",190,2025-05-16 09:51:09.589033,False
,,highlighted_cell,,memory,69437.8830709244,"(3, 5)",602,head_turn,p1_real2,,"(3, 5)",190,2025-05-16 09:51:10.246995,False
True,4.102909803390503,TaskCompleted,2.504215955734253,memory,71984.74506207452,"(3, 5)",603,head_turn,p1_real2,"(3, 5)","(3, 5)",190,2025-05-16 09:51:12.751211,False
,,highlighted_cell,,memory,75672.42883902146,"(2, 4)",604,head_turn,p1_real2,,"(2, 3)",191,2025-05-16 09:51:14.931169,False
,,highlighted_cell,,memory,76438.22143299463,"(2, 3)",605,head_turn,p1_real2,,"(2, 3)",191,2025-05-16 09:51:15.620683,False
True,2.686462163925171,TaskCompleted,0.8274984359741211,memory,76980.06066292456,"(2, 3)",606,head_turn,p1_real2,"(2, 3)","(2, 3)",191,2025-05-16 09:51:16.448181,False
,,highlighted_cell,,memory,81693.24777821708,"(1, 4)",607,head_turn,p1_real2,,"(1, 4)",192,2025-05-16 09:51:19.051822,False
True,2.905701160430908,TaskCompleted,1.3123910427093506,memory,83230.4651250474,"(1, 4)",608,head_turn,p1_real2,"(1, 4)","(1, 4)",192,2025-05-16 09:51:20.364213,False
,,highlighted_cell,,memory,88052.56488723333,"(2, 3)",609,head_turn,p1_real2,,"(2, 3)",193,2025-05-16 09:51:23.304390,False
True,2.590806007385254,TaskCompleted,0.6599032878875732,memory,88706.24691055538,"(2, 3)",610,head_turn,p1_real2,"(2, 3)","(2, 3)",193,2025-05-16 09:51:23.964293,False
,,highlighted_cell,,memory,91207.20371269571,"(2, 4)",611,head_turn,p1_real2,,"(1, 5)",194,2025-05-16 09:51:25.716749,False
,,highlighted_cell,,memory,92482.94730162079,"(1, 5)",612,head_turn,p1_real2,,"(1, 5)",194,2025-05-16 09:51:26.658204,False
True,2.7515714168548584,TaskCompleted,1.0671648979187012,memory,93882.62519849133,"(1, 5)",613,head_turn,p1_real2,"(1, 5)","(1, 5)",194,2025-05-16 09:51:27.725369,False
,,highlighted_cell,,memory,98204.45883442844,"(1, 4)",614,head_turn,p1_real2,,"(1, 4)",195,2025-05-16 09:51:31.061404,False
True,3.1160764694213867,TaskCompleted,0.7915949821472168,memory,98656.18441655822,"(1, 4)",615,head_turn,p1_real2,"(1, 4)","(1, 4)",195,2025-05-16 09:51:31.852999,False
,,highlighted_cell,,memory,99120.42062801734,"(1, 4)",616,head_turn,p1_real2,,"(3, 3)",196,2025-05-16 09:51:33.287132,False
,,highlighted_cell,,memory,112668.6663260204,"(3, 3)",617,head_turn,p1_real2,,"(3, 3)",196,2025-05-16 09:51:39.584203,False
True,7.894680023193359,TaskCompleted,1.1732492446899414,memory,115138.58135950334,"(3, 3)",618,head_turn,p1_real2,"(3, 3)","(3, 3)",196,2025-05-16 09:51:40.757452,False
,,highlighted_cell,,memory,119134.85248943619,"(2, 3)",619,head_turn,p1_real2,,"(2, 3)",197,2025-05-16 09:51:43.337308,False
True,2.794724464416504,TaskCompleted,1.224539041519165,memory,120219.55486502178,"(2, 3)",620,head_turn,p1_real2,"(2, 3)","(2, 3)",197,2025-05-16 09:51:44.561847,False
,,highlighted_cell,,memory,122239.67110719488,"(2, 4)",621,head_turn,p1_real2,,"(2, 5)",198,2025-05-16 09:51:46.391211,False
,,highlighted_cell,,memory,122763.83982168982,"(2, 5)",622,head_turn,p1_real2,,"(2, 5)",198,2025-05-16 09:51:46.962717,False
True,5.078063249588013,TaskCompleted,3.687171220779419,memory,127646.91418384245,"(2, 5)",623,head_turn,p1_real2,"(2, 5)","(2, 5)",198,2025-05-16 09:51:50.649888,False
,,highlighted_cell,,memory,128121.49872322983,"(2, 5)",624,head_turn,p1_real2,,"(3, 3)",199,2025-05-16 09:51:52.084369,False
,,highlighted_cell,,memory,130983.51588481134,"(3, 3)",625,head_turn,p1_real2,,"(3, 3)",199,2025-05-16 09:51:53.591913,False
True,2.7580230236053467,TaskCompleted,0.8277838230133057,memory,131312.07762853993,"(3, 3)",626,head_turn,p1_real2,"(3, 3)","(3, 3)",199,2025-05-16 09:51:54.419697,False
,,highlighted_cell,,memory,134818.14035992447,"(2, 4)",627,head_turn,p1_real2,,"(2, 4)",200,2025-05-16 09:51:56.982847,False
True,2.2583696842193604,TaskCompleted,0.7060766220092773,memory,135388.07899458753,"(2, 4)",628,head_turn,p1_real2,"(2, 4)","(2, 4)",200,2025-05-16 09:51:57.688924,False
,,highlighted_cell,,memory,138808.24005942311,"(2, 3)",629,head_turn,p1_real2,,"(2, 3)",201,2025-05-16 09:52:00.004333,False
True,2.3003251552581787,TaskCompleted,0.9964945316314697,memory,140018.75442685917,"(2, 3)",630,head_turn,p1_real2,"(2, 3)","(2, 3)",201,2025-05-16 09:52:01.000828,False
,,highlighted_cell,,memory,140507.9652279091,"(2, 3)",631,head_turn,p1_real2,,"(1, 5)",202,2025-05-16 09:52:02.427490,False
,,highlighted_cell,,memory,143894.2171666174,"(1, 5)",632,head_turn,p1_real2,,"(1, 5)",202,2025-05-16 09:52:03.520419,False
True,2.3353288173675537,TaskCompleted,0.824310302734375,memory,144721.86294215012,"(1, 5)",633,head_turn,p1_real2,"(1, 5)","(1, 5)",202,2025-05-16 09:52:04.344729,False
,,highlighted_cell,,memory,145301.46798472665,"(1, 5)",634,head_turn,p1_real2,,"(1, 3)",203,2025-05-16 09:52:05.781744,False
,,highlighted_cell,,memory,147644.67875077162,"(1, 3)",635,head_turn,p1_real2,,"(1, 3)",203,2025-05-16 09:52:06.882828,False
True,2.1199915409088135,TaskCompleted,0.5926942825317383,memory,148191.98555768115,"(1, 3)",636,head_turn,p1_real2,"(1, 3)","(1, 3)",203,2025-05-16 09:52:07.475522,False
,,highlighted_cell,,memory,151578.32702480417,"(2, 5)",637,head_turn,p1_real2,,"(2, 5)",204,2025-05-16 09:52:09.945829,False
True,2.1494863033294678,TaskCompleted,0.6930303573608398,memory,151961.03315926294,"(2, 5)",638,head_turn,p1_real2,"(2, 5)","(2, 5)",204,2025-05-16 09:52:10.638859,False
,,highlighted_cell,,memory,159319.68933808213,"(3, 5)",639,head_turn,p1_real2,,"(3, 5)",205,2025-05-16 09:52:14.524133,False
True,5.521985054016113,TaskCompleted,2.649149179458618,memory,162633.39574157418,"(3, 5)",640,head_turn,p1_real2,"(3, 5)","(3, 5)",205,2025-05-16 09:52:17.173282,False
,,highlighted_cell,,memory,167400.36545152517,"(1, 5)",641,head_turn,p1_real2,,"(1, 5)",206,2025-05-16 09:52:19.920499,False
True,2.879913806915283,TaskCompleted,1.1450214385986328,memory,169147.17377396402,"(1, 5)",642,head_turn,p1_real2,"(1, 5)","(1, 5)",206,2025-05-16 09:52:21.065520,False
,,highlighted_cell,,memory,174631.26070309978,"(1, 3)",643,head_turn,p1_real2,,"(1, 3)",207,2025-05-16 09:52:23.898711,False
True,2.315915107727051,TaskCompleted,0.49509453773498535,memory,174887.39762147015,"(1, 3)",644,head_turn,p1_real2,"(1, 3)","(1, 3)",207,2025-05-16 09:52:24.393805,False
,,highlighted_cell,,memory,178130.13385858035,"(2, 5)",645,head_turn,p1_real2,,"(2, 5)",208,2025-05-16 09:52:26.744105,False
True,2.5162198543548584,TaskCompleted,1.177243947982788,memory,179574.98919108202,"(2, 5)",646,head_turn,p1_real2,"(2, 5)","(2, 5)",208,2025-05-16 09:52:27.921349,False
,,highlighted_cell,,memory,183416.19640877077,"(1, 5)",647,head_turn,p1_real2,,"(3, 4)",209,2025-05-16 09:52:30.633191,False
False,2.0159595012664795,TaskCompleted,0.31444692611694336,memory,184251.28424108686,"(1, 5)",648,head_turn,p1_real2,"(1, 5)","(3, 4)",209,2025-05-16 09:52:30.947638,False
,,highlighted_cell,,memory,188390.58963764086,"(1, 5)",649,head_turn,p1_real2,,"(1, 5)",210,2025-05-16 09:52:33.775641,False
,,highlighted_cell,,memory,192618.7839677264,"(1, 4)",650,head_turn,p1_real2,,"(1, 5)",210,2025-05-16 09:52:36.166649,False
,,highlighted_cell,,memory,194017.8855029471,"(1, 5)",651,head_turn,p1_real2,,"(1, 5)",210,2025-05-16 09:52:37.040399,False
True,6.61331582069397,TaskCompleted,1.532050609588623,memory,195541.9739647811,"(1, 5)",652,head_turn,p1_real2,"(1, 5)","(1, 5)",210,2025-05-16 09:52:38.572450,False
,,highlighted_cell,,memory,198306.95091000953,"(2, 4)",653,head_turn,p1_real2,,"(2, 4)",211,2025-05-16 09:52:41.008552,False
True,2.1924893856048584,TaskCompleted,0.766834020614624,memory,198729.9010326108,"(2, 4)",654,head_turn,p1_real2,"(2, 4)","(2, 4)",211,2025-05-16 09:52:41.775386,False
,,highlighted_cell,,memory,202948.83516184008,"(2, 3)",655,head_turn,p1_real2,,"(2, 3)",212,2025-05-16 09:52:45.075304,False
True,2.9632725715637207,TaskCompleted,0.6736481189727783,memory,203359.99436936527,"(2, 3)",656,head_turn,p1_real2,"(2, 3)","(2, 3)",212,2025-05-16 09:52:45.748952,False
,,highlighted_cell,,memory,203704.04305517656,"(2, 3)",657,head_turn,p1_real2,,"(1, 3)",213,2025-05-16 09:52:47.180703,False
,,highlighted_cell,,memory,207485.267720785,"(1, 3)",658,head_turn,p1_real2,,"(1, 3)",213,2025-05-16 09:52:48.810143,False
True,2.672471046447754,TaskCompleted,0.6212360858917236,memory,208375.27492330977,"(1, 3)",659,head_turn,p1_real2,"(1, 3)","(1, 3)",213,2025-05-16 09:52:49.431379,False
,,highlighted_cell,,memory,212502.73389614624,"(2, 3)",660,head_turn,p1_real2,,"(2, 3)",214,2025-05-16 09:52:52.344814,False
True,3.0595130920410156,TaskCompleted,1.1571204662322998,memory,216059.85082060815,"(2, 3)",661,head_turn,p1_real2,"(2, 3)","(2, 3)",214,2025-05-16 09:52:53.501934,False
,,highlighted_cell,,memory,216477.7782916343,"(2, 3)",662,head_turn,p1_real2,,"(3, 5)",215,2025-05-16 09:52:54.933175,False
,,highlighted_cell,,memory,219037.5931048815,"(3, 5)",663,head_turn,p1_real2,,"(3, 5)",215,2025-05-16 09:52:56.280622,False
True,2.5115604400634766,TaskCompleted,0.7454755306243896,memory,219426.33027526928,"(3, 5)",664,head_turn,p1_real2,"(3, 5)","(3, 5)",215,2025-05-16 09:52:57.026097,False
,,highlighted_cell,,chase,137.32635631015575,"(3, 5)",665,blink,p1_real2,,"(3, 4)",216,2025-05-16 09:53:21.404027,False
